-- ============================================================================
-- Tallahassee Fleet Seed Data
-- Small fleet business: "Capital City Fleet Solutions"
-- Location: Tallahassee, FL (32301-32312)
-- Size: 23 vehicles, 26 drivers, 18 routes, 65 work orders, 45 inspections
-- ============================================================================

-- Create tenant first
INSERT INTO tenants (id, name, slug, domain, subscription_tier, is_active)
VALUES (
  '550e8400-e29b-41d4-a716-446655440000'::uuid,
  'Capital City Fleet Solutions',
  'capital-city-fleet',
  'tallahassee.fleetapp.com',
  'standard',
  true
);

-- Create users for drivers and staff
INSERT INTO users (id, tenant_id, email, password_hash, first_name, last_name, phone, role, is_active)
VALUES
  ('550e8400-e29b-41d4-a716-446655440001'::uuid, '550e8400-e29b-41d4-a716-446655440000'::uuid, 'james.robinson@capitalcityfleet.com', '$2b$12$abc123', 'James', 'Robinson', '(850) 555-0101', 'Driver', true),
  ('550e8400-e29b-41d4-a716-446655440002'::uuid, '550e8400-e29b-41d4-a716-446655440000'::uuid, 'maria.garcia@capitalcityfleet.com', '$2b$12$abc123', 'Maria', 'Garcia', '(850) 555-0102', 'Driver', true),
  ('550e8400-e29b-41d4-a716-446655440003'::uuid, '550e8400-e29b-41d4-a716-446655440000'::uuid, 'david.smith@capitalcityfleet.com', '$2b$12$abc123', 'David', 'Smith', '(850) 555-0103', 'Driver', true),
  ('550e8400-e29b-41d4-a716-446655440004'::uuid, '550e8400-e29b-41d4-a716-446655440000'::uuid, 'sarah.johnson@capitalcityfleet.com', '$2b$12$abc123', 'Sarah', 'Johnson', '(850) 555-0104', 'Driver', true),
  ('550e8400-e29b-41d4-a716-446655440005'::uuid, '550e8400-e29b-41d4-a716-446655440000'::uuid, 'michael.williams@capitalcityfleet.com', '$2b$12$abc123', 'Michael', 'Williams', '(850) 555-0105', 'Driver', true),
  ('550e8400-e29b-41d4-a716-446655440006'::uuid, '550e8400-e29b-41d4-a716-446655440000'::uuid, 'jennifer.brown@capitalcityfleet.com', '$2b$12$abc123', 'Jennifer', 'Brown', '(850) 555-0106', 'Driver', true),
  ('550e8400-e29b-41d4-a716-446655440007'::uuid, '550e8400-e29b-41d4-a716-446655440000'::uuid, 'robert.davis@capitalcityfleet.com', '$2b$12$abc123', 'Robert', 'Davis', '(850) 555-0107', 'Driver', true),
  ('550e8400-e29b-41d4-a716-446655440008'::uuid, '550e8400-e29b-41d4-a716-446655440000'::uuid, 'patricia.martinez@capitalcityfleet.com', '$2b$12$abc123', 'Patricia', 'Martinez', '(850) 555-0108', 'Driver', true),
  ('550e8400-e29b-41d4-a716-446655440009'::uuid, '550e8400-e29b-41d4-a716-446655440000'::uuid, 'christopher.wilson@capitalcityfleet.com', '$2b$12$abc123', 'Christopher', 'Wilson', '(850) 555-0109', 'Driver', true),
  ('550e8400-e29b-41d4-a716-446655440010'::uuid, '550e8400-e29b-41d4-a716-446655440000'::uuid, 'ashley.anderson@capitalcityfleet.com', '$2b$12$abc123', 'Ashley', 'Anderson', '(850) 555-0110', 'Driver', true),
  ('550e8400-e29b-41d4-a716-446655440011'::uuid, '550e8400-e29b-41d4-a716-446655440000'::uuid, 'daniel.taylor@capitalcityfleet.com', '$2b$12$abc123', 'Daniel', 'Taylor', '(850) 555-0111', 'Driver', true),
  ('550e8400-e29b-41d4-a716-446655440012'::uuid, '550e8400-e29b-41d4-a716-446655440000'::uuid, 'linda.thomas@capitalcityfleet.com', '$2b$12$abc123', 'Linda', 'Thomas', '(850) 555-0112', 'Driver', true),
  ('550e8400-e29b-41d4-a716-446655440013'::uuid, '550e8400-e29b-41d4-a716-446655440000'::uuid, 'matthew.jackson@capitalcityfleet.com', '$2b$12$abc123', 'Matthew', 'Jackson', '(850) 555-0113', 'Driver', true),
  ('550e8400-e29b-41d4-a716-446655440014'::uuid, '550e8400-e29b-41d4-a716-446655440000'::uuid, 'karen.white@capitalcityfleet.com', '$2b$12$abc123', 'Karen', 'White', '(850) 555-0114', 'Driver', true),
  ('550e8400-e29b-41d4-a716-446655440015'::uuid, '550e8400-e29b-41d4-a716-446655440000'::uuid, 'andrew.harris@capitalcityfleet.com', '$2b$12$abc123', 'Andrew', 'Harris', '(850) 555-0115', 'Driver', true),
  ('550e8400-e29b-41d4-a716-446655440016'::uuid, '550e8400-e29b-41d4-a716-446655440000'::uuid, 'jessica.martin@capitalcityfleet.com', '$2b$12$abc123', 'Jessica', 'Martin', '(850) 555-0116', 'Driver', true),
  ('550e8400-e29b-41d4-a716-446655440017'::uuid, '550e8400-e29b-41d4-a716-446655440000'::uuid, 'timothy.thompson@capitalcityfleet.com', '$2b$12$abc123', 'Timothy', 'Thompson', '(850) 555-0117', 'Driver', true),
  ('550e8400-e29b-41d4-a716-446655440018'::uuid, '550e8400-e29b-41d4-a716-446655440000'::uuid, 'nancy.garcia@capitalcityfleet.com', '$2b$12$abc123', 'Nancy', 'Garcia', '(850) 555-0118', 'Driver', true),
  ('550e8400-e29b-41d4-a716-446655440019'::uuid, '550e8400-e29b-41d4-a716-446655440000'::uuid, 'charles.rodriguez@capitalcityfleet.com', '$2b$12$abc123', 'Charles', 'Rodriguez', '(850) 555-0119', 'Driver', true),
  ('550e8400-e29b-41d4-a716-446655440020'::uuid, '550e8400-e29b-41d4-a716-446655440000'::uuid, 'betty.lee@capitalcityfleet.com', '$2b$12$abc123', 'Betty', 'Lee', '(850) 555-0120', 'Driver', true),
  ('550e8400-e29b-41d4-a716-446655440021'::uuid, '550e8400-e29b-41d4-a716-446655440000'::uuid, 'mark.walker@capitalcityfleet.com', '$2b$12$abc123', 'Mark', 'Walker', '(850) 555-0121', 'Driver', true),
  ('550e8400-e29b-41d4-a716-446655440022'::uuid, '550e8400-e29b-41d4-a716-446655440000'::uuid, 'susan.hall@capitalcityfleet.com', '$2b$12$abc123', 'Susan', 'Hall', '(850) 555-0122', 'Driver', true),
  ('550e8400-e29b-41d4-a716-446655440023'::uuid, '550e8400-e29b-41d4-a716-446655440000'::uuid, 'paul.allen@capitalcityfleet.com', '$2b$12$abc123', 'Paul', 'Allen', '(850) 555-0123', 'Driver', true),
  ('550e8400-e29b-41d4-a716-446655440024'::uuid, '550e8400-e29b-41d4-a716-446655440000'::uuid, 'john.clark@capitalcityfleet.com', '$2b$12$abc123', 'John', 'Clark', '(850) 555-0124', 'Mechanic', true),
  ('550e8400-e29b-41d4-a716-446655440025'::uuid, '550e8400-e29b-41d4-a716-446655440000'::uuid, 'lisa.lewis@capitalcityfleet.com', '$2b$12$abc123', 'Lisa', 'Lewis', '(850) 555-0125', 'Dispatcher', true),
  ('550e8400-e29b-41d4-a716-446655440026'::uuid, '550e8400-e29b-41d4-a716-446655440000'::uuid, 'manager@capitalcityfleet.com', '$2b$12$abc123', 'Tom', 'Manager', '(850) 555-0199', 'Manager', true);

-- Create facilities (main garage and satellite locations)
INSERT INTO facilities (id, tenant_id, name, code, type, address, city, state, zip_code, latitude, longitude, capacity, contact_name, contact_phone, is_active)
VALUES
  ('550e8400-e29b-41d4-a716-446655450001'::uuid, '550e8400-e29b-41d4-a716-446655440000'::uuid, 'Capital City Main Garage', 'CCMG', 'garage', '1245 Monroe Street', 'Tallahassee', 'FL', '32301', 30.4383, -84.2706, 30, 'Michael Torres', '(850) 555-9001', true),
  ('550e8400-e29b-41d4-a716-446655450002'::uuid, '550e8400-e29b-41d4-a716-446655440000'::uuid, 'Southwood Service Center', 'SSVC', 'service', '4500 Apalachee Parkway', 'Tallahassee', 'FL', '32311', 30.3950, -84.3400, 15, 'Angela Price', '(850) 555-9002', true),
  ('550e8400-e29b-41d4-a716-446655450003'::uuid, '550e8400-e29b-41d4-a716-446655440000'::uuid, 'Downtown Operations', 'DTOP', 'office', '701 Tennessee Street', 'Tallahassee', 'FL', '32308', 30.4383, -84.2706, 10, 'Robert Chen', '(850) 555-9003', true);

-- Create vendors (local service providers)
INSERT INTO vendors (id, tenant_id, name, code, type, contact_name, contact_phone, address, city, state, zip_code, is_active)
VALUES
  ('550e8400-e29b-41d4-a716-446655460001'::uuid, '550e8400-e29b-41d4-a716-446655440000'::uuid, 'Tallahassee Auto Service', 'TAS', 'maintenance', 'George Martinez', '(850) 555-8001', '2100 North Monroe Street', 'Tallahassee', 'FL', '32303', true),
  ('550e8400-e29b-41d4-a716-446655460002'::uuid, '550e8400-e29b-41d4-a716-446655440000'::uuid, 'Capital City Tire & Wheels', 'CCTW', 'tires', 'David Smith', '(850) 555-8002', '1850 West Tennessee Street', 'Tallahassee', 'FL', '32304', true),
  ('550e8400-e29b-41d4-a716-446655460003'::uuid, '550e8400-e29b-41d4-a716-446655440000'::uuid, 'Big Bend Transmission', 'BBT', 'transmission', 'Rick Johnson', '(850) 555-8003', '3200 Capital Circle NE', 'Tallahassee', 'FL', '32308', true),
  ('550e8400-e29b-41d4-a716-446655460004'::uuid, '550e8400-e29b-41d4-a716-446655440000'::uuid, 'Tallahassee Diesel Center', 'TDC', 'diesel', 'Frank Wilson', '(850) 555-8004', '3500 Apalachee Parkway', 'Tallahassee', 'FL', '32311', true),
  ('550e8400-e29b-41d4-a716-446655460005'::uuid, '550e8400-e29b-41d4-a716-446655440000'::uuid, 'Capital Auto Detailing', 'CAD', 'detailing', 'Elena Rodriguez', '(850) 555-8005', '2950 North Monroe Street', 'Tallahassee', 'FL', '32303', true),
  ('550e8400-e29b-41d4-a716-446655460006'::uuid, '550e8400-e29b-41d4-a716-446655440000'::uuid, 'FL Emissions Testing', 'FLED', 'emissions', 'James Taylor', '(850) 555-8006', '1650 Capital Circle SE', 'Tallahassee', 'FL', '32301', true);

-- Create 23 vehicles
INSERT INTO vehicles (id, tenant_id, vin, name, number, type, make, model, year, license_plate, status, fuel_type, fuel_level, odometer, latitude, longitude, location_address, last_service_date, next_service_date, purchase_date, purchase_price, current_value, is_active)
VALUES
  ('550e8400-e29b-41d4-a716-446655470001'::uuid, '550e8400-e29b-41d4-a716-446655440000'::uuid, '1FTFW1ET7DFE45678', 'Ford Transit Van 1', 'V-001', 'van', 'Ford', 'Transit', 2021, 'FLT-0001', 'active', 'diesel', 75.50, 45230, 30.4383, -84.2706, '1245 Monroe Street, Tallahassee, FL', '2025-10-15', '2026-04-15', '2021-03-20', 45000.00, 32000.00, true),
  ('550e8400-e29b-41d4-a716-446655470002'::uuid, '550e8400-e29b-41d4-a716-446655440000'::uuid, '1FTFW1ET7DFE45679', 'Ford Transit Van 2', 'V-002', 'van', 'Ford', 'Transit', 2021, 'FLT-0002', 'active', 'diesel', 68.25, 42150, 30.4383, -84.2706, '1245 Monroe Street, Tallahassee, FL', '2025-09-22', '2026-03-22', '2021-04-10', 45000.00, 32000.00, true),
  ('550e8400-e29b-41d4-a716-446655470003'::uuid, '550e8400-e29b-41d4-a716-446655440000'::uuid, '1FTFW1ET7DFE45680', 'Ford Transit Van 3', 'V-003', 'van', 'Ford', 'Transit', 2022, 'FLT-0003', 'active', 'diesel', 82.10, 38900, 30.4383, -84.2706, '1245 Monroe Street, Tallahassee, FL', '2025-11-05', '2026-05-05', '2022-02-14', 46500.00, 34000.00, true),
  ('550e8400-e29b-41d4-a716-446655470004'::uuid, '550e8400-e29b-41d4-a716-446655440000'::uuid, '1FTFW1ET7DFE45681', 'Ford Transit Van 4', 'V-004', 'van', 'Ford', 'Transit', 2022, 'FLT-0004', 'active', 'diesel', 55.75, 35420, 30.4383, -84.2706, '1245 Monroe Street, Tallahassee, FL', '2025-10-30', '2026-04-30', '2022-03-18', 46500.00, 34000.00, true),
  ('550e8400-e29b-41d4-a716-446655470005'::uuid, '550e8400-e29b-41d4-a716-446655440000'::uuid, '3GCUKREH2LG504287', 'Chevrolet Silverado 1', 'V-005', 'truck', 'Chevrolet', 'Silverado 2500', 2020, 'FLT-0005', 'active', 'diesel', 72.40, 52100, 30.4383, -84.2706, '1245 Monroe Street, Tallahassee, FL', '2025-09-10', '2026-03-10', '2020-05-25', 52000.00, 38000.00, true),
  ('550e8400-e29b-41d4-a716-446655470006'::uuid, '550e8400-e29b-41d4-a716-446655440000'::uuid, '3GCUKREH2LG504288', 'Chevrolet Silverado 2', 'V-006', 'truck', 'Chevrolet', 'Silverado 2500', 2021, 'FLT-0006', 'active', 'diesel', 85.60, 46780, 30.4383, -84.2706, '1245 Monroe Street, Tallahassee, FL', '2025-10-22', '2026-04-22', '2021-01-12', 54000.00, 40000.00, true),
  ('550e8400-e29b-41d4-a716-446655470007'::uuid, '550e8400-e29b-41d4-a716-446655440000'::uuid, '3GCUKREH2LG504289', 'Chevrolet Silverado 3', 'V-007', 'truck', 'Chevrolet', 'Silverado 2500', 2021, 'FLT-0007', 'active', 'diesel', 61.30, 48920, 30.4383, -84.2706, '1245 Monroe Street, Tallahassee, FL', '2025-09-28', '2026-03-28', '2021-02-18', 54000.00, 40000.00, true),
  ('550e8400-e29b-41d4-a716-446655470008'::uuid, '550e8400-e29b-41d4-a716-446655440000'::uuid, '3GCUKREH2LG504290', 'Chevrolet Silverado 4', 'V-008', 'truck', 'Chevrolet', 'Silverado 2500', 2022, 'FLT-0008', 'active', 'diesel', 77.85, 41200, 30.4383, -84.2706, '1245 Monroe Street, Tallahassee, FL', '2025-11-11', '2026-05-11', '2022-04-08', 56000.00, 42000.00, true),
  ('550e8400-e29b-41d4-a716-446655470009'::uuid, '550e8400-e29b-41d4-a716-446655440000'::uuid, '3GCUKREH2LG504291', 'Chevrolet Silverado 5', 'V-009', 'truck', 'Chevrolet', 'Silverado 2500', 2022, 'FLT-0009', 'service', 'diesel', 45.20, 39850, 30.3950, -84.3400, '4500 Apalachee Parkway, Tallahassee, FL', '2025-11-18', '2026-05-18', '2022-05-15', 56000.00, 42000.00, true),
  ('550e8400-e29b-41d4-a716-446655470010'::uuid, '550e8400-e29b-41d4-a716-446655440000'::uuid, '3GCUKREH2LG504292', 'Chevrolet Silverado 6', 'V-010', 'truck', 'Chevrolet', 'Silverado 2500', 2023, 'FLT-0010', 'active', 'diesel', 89.95, 21450, 30.4383, -84.2706, '1245 Monroe Street, Tallahassee, FL', '2025-12-01', '2026-06-01', '2023-03-22', 58000.00, 46000.00, true),
  ('550e8400-e29b-41d4-a716-446655470011'::uuid, '550e8400-e29b-41d4-a716-446655440000'::uuid, '1D7HA16K72J146178', 'RAM ProMaster 1', 'V-011', 'van', 'RAM', 'ProMaster', 2020, 'FLT-0011', 'active', 'gasoline', 58.70, 55340, 30.4383, -84.2706, '1245 Monroe Street, Tallahassee, FL', '2025-08-15', '2026-02-15', '2020-06-18', 42000.00, 30000.00, true),
  ('550e8400-e29b-41d4-a716-446655470012'::uuid, '550e8400-e29b-41d4-a716-446655440000'::uuid, '1D7HA16K72J146179', 'RAM ProMaster 2', 'V-012', 'van', 'RAM', 'ProMaster', 2021, 'FLT-0012', 'active', 'gasoline', 70.15, 48230, 30.4383, -84.2706, '1245 Monroe Street, Tallahassee, FL', '2025-10-08', '2026-04-08', '2021-05-22', 43000.00, 31000.00, true),
  ('550e8400-e29b-41d4-a716-446655470013'::uuid, '550e8400-e29b-41d4-a716-446655440000'::uuid, '1FTPX1ZM3FF108761', 'Ford F-250 Box Truck 1', 'V-013', 'truck', 'Ford', 'F-250 Box Truck', 2019, 'FLT-0013', 'active', 'diesel', 64.45, 62100, 30.4383, -84.2706, '1245 Monroe Street, Tallahassee, FL', '2025-07-20', '2026-01-20', '2019-08-12', 48000.00, 32000.00, true),
  ('550e8400-e29b-41d4-a716-446655470014'::uuid, '550e8400-e29b-41d4-a716-446655440000'::uuid, '1FTPX1ZM3FF108762', 'Ford F-250 Box Truck 2', 'V-014', 'truck', 'Ford', 'F-250 Box Truck', 2020, 'FLT-0014', 'active', 'diesel', 81.20, 58450, 30.4383, -84.2706, '1245 Monroe Street, Tallahassee, FL', '2025-09-05', '2026-03-05', '2020-09-30', 49000.00, 33000.00, true),
  ('550e8400-e29b-41d4-a716-446655470015'::uuid, '550e8400-e29b-41d4-a716-446655440000'::uuid, '1FTPX1ZM3FF108763', 'Ford F-250 Box Truck 3', 'V-015', 'truck', 'Ford', 'F-250 Box Truck', 2021, 'FLT-0015', 'active', 'diesel', 73.85, 52890, 30.4383, -84.2706, '1245 Monroe Street, Tallahassee, FL', '2025-10-12', '2026-04-12', '2021-07-14', 50000.00, 34000.00, true),
  ('550e8400-e29b-41d4-a716-446655470016'::uuid, '550e8400-e29b-41d4-a716-446655440000'::uuid, '1FTPX1ZM3FF108764', 'Ford F-250 Box Truck 4', 'V-016', 'truck', 'Ford', 'F-250 Box Truck', 2022, 'FLT-0016', 'active', 'diesel', 90.00, 39340, 30.4383, -84.2706, '1245 Monroe Street, Tallahassee, FL', '2025-11-25', '2026-05-25', '2022-06-20', 52000.00, 36000.00, true),
  ('550e8400-e29b-41d4-a716-446655470017'::uuid, '550e8400-e29b-41d4-a716-446655440000'::uuid, '2T1FF1E31CC126354', 'Toyota Camry 1', 'V-017', 'sedan', 'Toyota', 'Camry', 2021, 'FLT-0017', 'active', 'gasoline', 52.30, 34560, 30.4383, -84.2706, '1245 Monroe Street, Tallahassee, FL', '2025-09-18', '2026-03-18', '2021-11-05', 28000.00, 22000.00, true),
  ('550e8400-e29b-41d4-a716-446655470018'::uuid, '550e8400-e29b-41d4-a716-446655440000'::uuid, '2T1FF1E31CC126355', 'Toyota Camry 2', 'V-018', 'sedan', 'Toyota', 'Camry', 2022, 'FLT-0018', 'active', 'gasoline', 68.75, 28420, 30.4383, -84.2706, '1245 Monroe Street, Tallahassee, FL', '2025-10-30', '2026-04-30', '2022-01-19', 29500.00, 24000.00, true),
  ('550e8400-e29b-41d4-a716-446655470019'::uuid, '550e8400-e29b-41d4-a716-446655440000'::uuid, 'KNDJP3A56K6015098', 'Hyundai Passenger Van 1', 'V-019', 'van', 'Hyundai', 'H350', 2021, 'FLT-0019', 'active', 'diesel', 77.50, 35780, 30.4383, -84.2706, '1245 Monroe Street, Tallahassee, FL', '2025-10-14', '2026-04-14', '2021-08-22', 44000.00, 32000.00, true),
  ('550e8400-e29b-41d4-a716-446655470020'::uuid, '550e8400-e29b-41d4-a716-446655440000'::uuid, 'KNDJP3A56K6015099', 'Hyundai Passenger Van 2', 'V-020', 'van', 'Hyundai', 'H350', 2022, 'FLT-0020', 'active', 'diesel', 83.40, 31290, 30.4383, -84.2706, '1245 Monroe Street, Tallahassee, FL', '2025-11-08', '2026-05-08', '2022-09-10', 45000.00, 33000.00, true),
  ('550e8400-e29b-41d4-a716-446655470021'::uuid, '550e8400-e29b-41d4-a716-446655440000'::uuid, 'KNDJP3A56K6015100', 'Hyundai Passenger Van 3', 'V-021', 'van', 'Hyundai', 'H350', 2023, 'FLT-0021', 'active', 'diesel', 91.20, 18650, 30.4383, -84.2706, '1245 Monroe Street, Tallahassee, FL', '2025-12-02', '2026-06-02', '2023-04-15', 47000.00, 35000.00, true),
  ('550e8400-e29b-41d4-a716-446655470022'::uuid, '550e8400-e29b-41d4-a716-446655440000'::uuid, '4T1BF1AK0CU123456', 'Toyota Corolla 1', 'V-022', 'sedan', 'Toyota', 'Corolla', 2022, 'FLT-0022', 'active', 'gasoline', 59.85, 26800, 30.4383, -84.2706, '1245 Monroe Street, Tallahassee, FL', '2025-11-01', '2026-05-01', '2022-02-28', 25000.00, 20000.00, true),
  ('550e8400-e29b-41d4-a716-446655470023'::uuid, '550e8400-e29b-41d4-a716-446655440000'::uuid, '4T1BF1AK0CU123457', 'Toyota Corolla 2', 'V-023', 'sedan', 'Toyota', 'Corolla', 2023, 'FLT-0023', 'active', 'gasoline', 86.10, 14320, 30.4383, -84.2706, '1245 Monroe Street, Tallahassee, FL', '2025-12-15', '2026-06-15', '2023-05-30', 26000.00, 21000.00, true);

-- Create 26 drivers
INSERT INTO drivers (id, tenant_id, user_id, first_name, last_name, email, phone, employee_number, license_number, license_state, license_expiry_date, cdl, cdl_class, status, hire_date, date_of_birth, emergency_contact_name, emergency_contact_phone)
VALUES
  ('550e8400-e29b-41d4-a716-446655480001'::uuid, '550e8400-e29b-41d4-a716-446655440000'::uuid, '550e8400-e29b-41d4-a716-446655440001'::uuid, 'James', 'Robinson', 'james.robinson@capitalcityfleet.com', '(850) 555-0101', 'EMP-001', 'D4567890', 'FL', '2027-03-15', true, 'B', 'active', '2022-01-10', '1985-05-20', 'Mary Robinson', '(850) 555-1001'),
  ('550e8400-e29b-41d4-a716-446655480002'::uuid, '550e8400-e29b-41d4-a716-446655440000'::uuid, '550e8400-e29b-41d4-a716-446655440002'::uuid, 'Maria', 'Garcia', 'maria.garcia@capitalcityfleet.com', '(850) 555-0102', 'EMP-002', 'D4567891', 'FL', '2026-11-22', true, 'B', 'active', '2021-06-15', '1988-08-12', 'Carlos Garcia', '(850) 555-1002'),
  ('550e8400-e29b-41d4-a716-446655480003'::uuid, '550e8400-e29b-41d4-a716-446655440000'::uuid, '550e8400-e29b-41d4-a716-446655440003'::uuid, 'David', 'Smith', 'david.smith@capitalcityfleet.com', '(850) 555-0103', 'EMP-003', 'D4567892', 'FL', '2027-07-10', true, 'A', 'active', '2019-03-20', '1982-02-14', 'Patricia Smith', '(850) 555-1003'),
  ('550e8400-e29b-41d4-a716-446655480004'::uuid, '550e8400-e29b-41d4-a716-446655440000'::uuid, '550e8400-e29b-41d4-a716-446655440004'::uuid, 'Sarah', 'Johnson', 'sarah.johnson@capitalcityfleet.com', '(850) 555-0104', 'EMP-004', 'D4567893', 'FL', '2028-01-05', true, 'B', 'active', '2020-09-08', '1990-11-30', 'Michael Johnson', '(850) 555-1004'),
  ('550e8400-e29b-41d4-a716-446655480005'::uuid, '550e8400-e29b-41d4-a716-446655440000'::uuid, '550e8400-e29b-41d4-a716-446655440005'::uuid, 'Michael', 'Williams', 'michael.williams@capitalcityfleet.com', '(850) 555-0105', 'EMP-005', 'D4567894', 'FL', '2026-09-18', true, 'B', 'active', '2021-11-12', '1987-04-25', 'Susan Williams', '(850) 555-1005'),
  ('550e8400-e29b-41d4-a716-446655480006'::uuid, '550e8400-e29b-41d4-a716-446655440000'::uuid, '550e8400-e29b-41d4-a716-446655440006'::uuid, 'Jennifer', 'Brown', 'jennifer.brown@capitalcityfleet.com', '(850) 555-0106', 'EMP-006', 'D4567895', 'FL', '2027-05-08', false, null, 'active', '2022-02-18', '1992-06-10', 'Thomas Brown', '(850) 555-1006'),
  ('550e8400-e29b-41d4-a716-446655480007'::uuid, '550e8400-e29b-41d4-a716-446655440000'::uuid, '550e8400-e29b-41d4-a716-446655440007'::uuid, 'Robert', 'Davis', 'robert.davis@capitalcityfleet.com', '(850) 555-0107', 'EMP-007', 'D4567896', 'FL', '2026-12-12', true, 'B', 'active', '2021-08-24', '1986-09-05', 'Helen Davis', '(850) 555-1007'),
  ('550e8400-e29b-41d4-a716-446655480008'::uuid, '550e8400-e29b-41d4-a716-446655440000'::uuid, '550e8400-e29b-41d4-a716-446655440008'::uuid, 'Patricia', 'Martinez', 'patricia.martinez@capitalcityfleet.com', '(850) 555-0108', 'EMP-008', 'D4567897', 'FL', '2027-08-20', true, 'B', 'active', '2020-10-05', '1989-01-15', 'Jorge Martinez', '(850) 555-1008'),
  ('550e8400-e29b-41d4-a716-446655480009'::uuid, '550e8400-e29b-41d4-a716-446655440000'::uuid, '550e8400-e29b-41d4-a716-446655440009'::uuid, 'Christopher', 'Wilson', 'christopher.wilson@capitalcityfleet.com', '(850) 555-0109', 'EMP-009', 'D4567898', 'FL', '2028-02-14', true, 'A', 'active', '2019-05-15', '1984-03-22', 'Linda Wilson', '(850) 555-1009'),
  ('550e8400-e29b-41d4-a716-446655480010'::uuid, '550e8400-e29b-41d4-a716-446655440000'::uuid, '550e8400-e29b-41d4-a716-446655440010'::uuid, 'Ashley', 'Anderson', 'ashley.anderson@capitalcityfleet.com', '(850) 555-0110', 'EMP-010', 'D4567899', 'FL', '2027-06-09', false, null, 'active', '2022-04-20', '1994-07-18', 'William Anderson', '(850) 555-1010'),
  ('550e8400-e29b-41d4-a716-446655480011'::uuid, '550e8400-e29b-41d4-a716-446655440000'::uuid, '550e8400-e29b-41d4-a716-446655440011'::uuid, 'Daniel', 'Taylor', 'daniel.taylor@capitalcityfleet.com', '(850) 555-0111', 'EMP-011', 'D4567900', 'FL', '2026-10-25', true, 'B', 'active', '2021-12-08', '1988-10-30', 'Emma Taylor', '(850) 555-1011'),
  ('550e8400-e29b-41d4-a716-446655480012'::uuid, '550e8400-e29b-41d4-a716-446655440000'::uuid, '550e8400-e29b-41d4-a716-446655440012'::uuid, 'Linda', 'Thomas', 'linda.thomas@capitalcityfleet.com', '(850) 555-0112', 'EMP-012', 'D4567901', 'FL', '2027-04-13', false, null, 'active', '2022-05-10', '1991-12-08', 'John Thomas', '(850) 555-1012'),
  ('550e8400-e29b-41d4-a716-446655480013'::uuid, '550e8400-e29b-41d4-a716-446655440000'::uuid, '550e8400-e29b-41d4-a716-446655440013'::uuid, 'Matthew', 'Jackson', 'matthew.jackson@capitalcityfleet.com', '(850) 555-0113', 'EMP-013', 'D4567902', 'FL', '2026-08-17', true, 'B', 'active', '2021-01-22', '1987-05-19', 'Angela Jackson', '(850) 555-1013'),
  ('550e8400-e29b-41d4-a716-446655480014'::uuid, '550e8400-e29b-41d4-a716-446655440000'::uuid, '550e8400-e29b-41d4-a716-446655440014'::uuid, 'Karen', 'White', 'karen.white@capitalcityfleet.com', '(850) 555-0114', 'EMP-014', 'D4567903', 'FL', '2027-11-22', true, 'B', 'active', '2020-07-15', '1986-02-28', 'James White', '(850) 555-1014'),
  ('550e8400-e29b-41d4-a716-446655480015'::uuid, '550e8400-e29b-41d4-a716-446655440000'::uuid, '550e8400-e29b-41d4-a716-446655440015'::uuid, 'Andrew', 'Harris', 'andrew.harris@capitalcityfleet.com', '(850) 555-0115', 'EMP-015', 'D4567904', 'FL', '2027-03-10', false, null, 'active', '2022-06-18', '1993-08-25', 'Nancy Harris', '(850) 555-1015'),
  ('550e8400-e29b-41d4-a716-446655480016'::uuid, '550e8400-e29b-41d4-a716-446655440000'::uuid, '550e8400-e29b-41d4-a716-446655440016'::uuid, 'Jessica', 'Martin', 'jessica.martin@capitalcityfleet.com', '(850) 555-0116', 'EMP-016', 'D4567905', 'FL', '2028-05-20', true, 'B', 'active', '2019-09-12', '1985-11-03', 'Robert Martin', '(850) 555-1016'),
  ('550e8400-e29b-41d4-a716-446655480017'::uuid, '550e8400-e29b-41d4-a716-446655440000'::uuid, '550e8400-e29b-41d4-a716-446655440017'::uuid, 'Timothy', 'Thompson', 'timothy.thompson@capitalcityfleet.com', '(850) 555-0117', 'EMP-017', 'D4567906', 'FL', '2026-07-08', true, 'A', 'active', '2021-10-30', '1989-03-12', 'Sarah Thompson', '(850) 555-1017'),
  ('550e8400-e29b-41d4-a716-446655480018'::uuid, '550e8400-e29b-41d4-a716-446655440000'::uuid, '550e8400-e29b-41d4-a716-446655440018'::uuid, 'Nancy', 'Garcia', 'nancy.garcia@capitalcityfleet.com', '(850) 555-0118', 'EMP-018', 'D4567907', 'FL', '2027-09-15', false, null, 'active', '2022-07-22', '1992-04-20', 'Antonio Garcia', '(850) 555-1018'),
  ('550e8400-e29b-41d4-a716-446655480019'::uuid, '550e8400-e29b-41d4-a716-446655440000'::uuid, '550e8400-e29b-41d4-a716-446655440019'::uuid, 'Charles', 'Rodriguez', 'charles.rodriguez@capitalcityfleet.com', '(850) 555-0119', 'EMP-019', 'D4567908', 'FL', '2026-11-30', true, 'B', 'active', '2021-02-14', '1987-07-10', 'Maria Rodriguez', '(850) 555-1019'),
  ('550e8400-e29b-41d4-a716-446655480020'::uuid, '550e8400-e29b-41d4-a716-446655440000'::uuid, '550e8400-e29b-41d4-a716-446655440020'::uuid, 'Betty', 'Lee', 'betty.lee@capitalcityfleet.com', '(850) 555-0120', 'EMP-020', 'D4567909', 'FL', '2027-12-18', true, 'B', 'active', '2020-11-05', '1984-09-08', 'David Lee', '(850) 555-1020'),
  ('550e8400-e29b-41d4-a716-446655480021'::uuid, '550e8400-e29b-41d4-a716-446655440000'::uuid, '550e8400-e29b-41d4-a716-446655440021'::uuid, 'Mark', 'Walker', 'mark.walker@capitalcityfleet.com', '(850) 555-0121', 'EMP-021', 'D4567910', 'FL', '2027-01-22', false, null, 'active', '2022-08-16', '1995-01-15', 'Patricia Walker', '(850) 555-1021'),
  ('550e8400-e29b-41d4-a716-446655480022'::uuid, '550e8400-e29b-41d4-a716-446655440000'::uuid, '550e8400-e29b-41d4-a716-446655440022'::uuid, 'Susan', 'Hall', 'susan.hall@capitalcityfleet.com', '(850) 555-0122', 'EMP-022', 'D4567911', 'FL', '2026-06-25', true, 'B', 'active', '2021-03-25', '1986-10-20', 'Richard Hall', '(850) 555-1022'),
  ('550e8400-e29b-41d4-a716-446655480023'::uuid, '550e8400-e29b-41d4-a716-446655440000'::uuid, '550e8400-e29b-41d4-a716-446655440023'::uuid, 'Paul', 'Allen', 'paul.allen@capitalcityfleet.com', '(850) 555-0123', 'EMP-023', 'D4567912', 'FL', '2027-10-30', true, 'A', 'active', '2020-04-12', '1983-12-05', 'Jean Allen', '(850) 555-1023');

-- Create 18 routes with Tallahassee-specific locations
INSERT INTO routes (id, tenant_id, name, number, description, type, status, scheduled_start_time, scheduled_end_time, estimated_distance)
VALUES
  ('550e8400-e29b-41d4-a716-446655490001'::uuid, '550e8400-e29b-41d4-a716-446655440000'::uuid, 'Downtown Delivery Route', 'R-001', 'Daily deliveries in downtown Tallahassee area', 'delivery', 'pending', '2025-01-08 08:00:00', '2025-01-08 12:00:00', 12.5),
  ('550e8400-e29b-41d4-a716-446655490002'::uuid, '550e8400-e29b-41d4-a716-446655440000'::uuid, 'FSU Campus Route', 'R-002', 'Service route for Florida State University', 'service', 'pending', '2025-01-08 09:00:00', '2025-01-08 14:00:00', 8.3),
  ('550e8400-e29b-41d4-a716-446655490003'::uuid, '550e8400-e29b-41d4-a716-446655440000'::uuid, 'Southwood Industrial Route', 'R-003', 'Industrial area deliveries and services', 'delivery', 'pending', '2025-01-08 07:00:00', '2025-01-08 15:00:00', 18.7),
  ('550e8400-e29b-41d4-a716-446655490004'::uuid, '550e8400-e29b-41d4-a716-446655440000'::uuid, 'FAMU District Route', 'R-004', 'Florida A&M University area service calls', 'service', 'pending', '2025-01-08 08:30:00', '2025-01-08 13:30:00', 6.8),
  ('550e8400-e29b-41d4-a716-446655490005'::uuid, '550e8400-e29b-41d4-a716-446655440000'::uuid, 'Midtown Service Route', 'R-005', 'Midtown commercial district maintenance', 'maintenance', 'pending', '2025-01-08 08:00:00', '2025-01-08 16:00:00', 14.2),
  ('550e8400-e29b-41d4-a716-446655490006'::uuid, '550e8400-e29b-41d4-a716-446655440000'::uuid, 'Capitol District Route', 'R-006', 'Government and civic center area', 'service', 'pending', '2025-01-08 07:30:00', '2025-01-08 14:00:00', 7.1),
  ('550e8400-e29b-41d4-a716-446655490007'::uuid, '550e8400-e29b-41d4-a716-446655440000'::uuid, 'North Monroe Route', 'R-007', 'North Monroe Street corridor deliveries', 'delivery', 'pending', '2025-01-08 08:00:00', '2025-01-08 12:30:00', 11.4),
  ('550e8400-e29b-41d4-a716-446655490008'::uuid, '550e8400-e29b-41d4-a716-446655440000'::uuid, 'West Tennessee Route', 'R-008', 'West Tennessee Street area services', 'service', 'pending', '2025-01-08 09:00:00', '2025-01-08 15:00:00', 9.6),
  ('550e8400-e29b-41d4-a716-446655490009'::uuid, '550e8400-e29b-41d4-a716-446655440000'::uuid, 'Apalachee Parkway Route', 'R-009', 'Apalachee Parkway commercial services', 'maintenance', 'pending', '2025-01-08 07:00:00', '2025-01-08 16:00:00', 16.8),
  ('550e8400-e29b-41d4-a716-446655490010'::uuid, '550e8400-e29b-41d4-a716-446655440000'::uuid, 'Capital Circle Route', 'R-010', 'Capital Circle loop deliveries', 'delivery', 'pending', '2025-01-08 08:00:00', '2025-01-08 17:00:00', 22.3),
  ('550e8400-e29b-41d4-a716-446655490011'::uuid, '550e8400-e29b-41d4-a716-446655440000'::uuid, 'Doral/Magnolia Route', 'R-011', 'Residential area scheduled maintenance', 'maintenance', 'pending', '2025-01-08 08:00:00', '2025-01-08 16:00:00', 13.5),
  ('550e8400-e29b-41d4-a716-446655490012'::uuid, '550e8400-e29b-41d4-a716-446655440000'::uuid, 'Northeast Route', 'R-012', 'Northeast district business deliveries', 'delivery', 'pending', '2025-01-08 08:30:00', '2025-01-08 14:30:00', 10.2),
  ('550e8400-e29b-41d4-a716-446655490013'::uuid, '550e8400-e29b-41d4-a716-446655440000'::uuid, 'Enterprise Route', 'R-013', 'Enterprise zone industrial service', 'service', 'pending', '2025-01-08 07:00:00', '2025-01-08 15:00:00', 17.9),
  ('550e8400-e29b-41d4-a716-446655490014'::uuid, '550e8400-e29b-41d4-a716-446655440000'::uuid, 'Woodville Route', 'R-014', 'Woodville area residential services', 'service', 'pending', '2025-01-08 09:00:00', '2025-01-08 13:00:00', 6.4),
  ('550e8400-e29b-41d4-a716-446655490015'::uuid, '550e8400-e29b-41d4-a716-446655440000'::uuid, 'Buckhead Ridge Route', 'R-015', 'Buckhead Ridge deliveries', 'delivery', 'pending', '2025-01-08 08:00:00', '2025-01-08 13:00:00', 9.8),
  ('550e8400-e29b-41d4-a716-446655490016'::uuid, '550e8400-e29b-41d4-a716-446655440000'::uuid, 'Innovation Park Route', 'R-016', 'Tech park maintenance and deliveries', 'maintenance', 'pending', '2025-01-08 07:30:00', '2025-01-08 15:30:00', 15.6),
  ('550e8400-e29b-41d4-a716-446655490017'::uuid, '550e8400-e29b-41d4-a716-446655440000'::uuid, 'Medical District Route', 'R-017', 'Hospital and medical facility services', 'service', 'pending', '2025-01-08 08:00:00', '2025-01-08 14:00:00', 8.9),
  ('550e8400-e29b-41d4-a716-446655490018'::uuid, '550e8400-e29b-41d4-a716-446655440000'::uuid, 'Airport Corridor Route', 'R-018', 'Airport area business park deliveries', 'delivery', 'pending', '2025-01-08 07:00:00', '2025-01-08 15:00:00', 19.2);

-- Create 65 work orders (maintenance and repair)
INSERT INTO work_orders (id, tenant_id, vehicle_id, number, title, description, type, priority, status, scheduled_start_date, estimated_cost)
VALUES
  ('550e8400-e29b-41d4-a716-446655500001'::uuid, '550e8400-e29b-41d4-a716-446655440000'::uuid, '550e8400-e29b-41d4-a716-446655470001'::uuid, 'WO-001', 'Oil change and filter replacement', 'Regular maintenance oil service', 'preventive', 'medium', 'pending', '2025-01-08 08:00:00', 125.00),
  ('550e8400-e29b-41d4-a716-446655500002'::uuid, '550e8400-e29b-41d4-a716-446655440000'::uuid, '550e8400-e29b-41d4-a716-446655470001'::uuid, 'WO-002', 'Brake pad replacement', 'Front brake pads worn', 'corrective', 'high', 'pending', '2025-01-08 10:00:00', 350.00),
  ('550e8400-e29b-41d4-a716-446655500003'::uuid, '550e8400-e29b-41d4-a716-446655440000'::uuid, '550e8400-e29b-41d4-a716-446655470002'::uuid, 'WO-003', 'Tire rotation and balance', 'Scheduled tire maintenance', 'preventive', 'medium', 'pending', '2025-01-09 08:00:00', 95.00),
  ('550e8400-e29b-41d4-a716-446655500004'::uuid, '550e8400-e29b-41d4-a716-446655440000'::uuid, '550e8400-e29b-41d4-a716-446655470002'::uuid, 'WO-004', 'Battery replacement', 'Battery failing in cold weather', 'corrective', 'medium', 'pending', '2025-01-09 09:30:00', 185.00),
  ('550e8400-e29b-41d4-a716-446655500005'::uuid, '550e8400-e29b-41d4-a716-446655440000'::uuid, '550e8400-e29b-41d4-a716-446655470003'::uuid, 'WO-005', 'Air filter replacement', 'Engine air filter change', 'preventive', 'low', 'pending', '2025-01-10 08:00:00', 45.00),
  ('550e8400-e29b-41d4-a716-446655500006'::uuid, '550e8400-e29b-41d4-a716-446655440000'::uuid, '550e8400-e29b-41d4-a716-446655470003'::uuid, 'WO-006', 'Coolant system flush', 'Annual cooling system maintenance', 'preventive', 'medium', 'pending', '2025-01-10 10:00:00', 165.00),
  ('550e8400-e29b-41d4-a716-446655500007'::uuid, '550e8400-e29b-41d4-a716-446655440000'::uuid, '550e8400-e29b-41d4-a716-446655470004'::uuid, 'WO-007', 'Transmission fluid change', 'Scheduled fluid service', 'preventive', 'medium', 'pending', '2025-01-11 08:00:00', 245.00),
  ('550e8400-e29b-41d4-a716-446655500008'::uuid, '550e8400-e29b-41d4-a716-446655440000'::uuid, '550e8400-e29b-41d4-a716-446655470004'::uuid, 'WO-008', 'Alternator replacement', 'Charging system failure', 'corrective', 'high', 'pending', '2025-01-11 09:00:00', 420.00),
  ('550e8400-e29b-41d4-a716-446655500009'::uuid, '550e8400-e29b-41d4-a716-446655440000'::uuid, '550e8400-e29b-41d4-a716-446655470005'::uuid, 'WO-009', 'Diesel engine inspection', 'Quarterly engine diagnostics', 'inspection', 'medium', 'pending', '2025-01-12 08:00:00', 275.00),
  ('550e8400-e29b-41d4-a716-446655500010'::uuid, '550e8400-e29b-41d4-a716-446655440000'::uuid, '550e8400-e29b-41d4-a716-446655470005'::uuid, 'WO-010', 'Fuel injector cleaning', 'Performance restoration service', 'corrective', 'medium', 'pending', '2025-01-12 10:00:00', 325.00),
  ('550e8400-e29b-41d4-a716-446655500011'::uuid, '550e8400-e29b-41d4-a716-446655440000'::uuid, '550e8400-e29b-41d4-a716-446655470006'::uuid, 'WO-011', 'Spark plug replacement', 'Tune-up service', 'preventive', 'low', 'pending', '2025-01-13 08:00:00', 89.00),
  ('550e8400-e29b-41d4-a716-446655500012'::uuid, '550e8400-e29b-41d4-a716-446655440000'::uuid, '550e8400-e29b-41d4-a716-446655470006'::uuid, 'WO-012', 'Suspension inspection and adjustment', 'Chassis maintenance', 'inspection', 'medium', 'pending', '2025-01-13 09:00:00', 195.00),
  ('550e8400-e29b-41d4-a716-446655500013'::uuid, '550e8400-e29b-41d4-a716-446655440000'::uuid, '550e8400-e29b-41d4-a716-446655470007'::uuid, 'WO-013', 'Brake fluid replacement', 'Safety system maintenance', 'preventive', 'medium', 'pending', '2025-01-14 08:00:00', 145.00),
  ('550e8400-e29b-41d4-a716-446655500014'::uuid, '550e8400-e29b-41d4-a716-446655440000'::uuid, '550e8400-e29b-41d4-a716-446655470007'::uuid, 'WO-014', 'Headlight bulb replacement', 'Safety repair', 'corrective', 'low', 'pending', '2025-01-14 10:00:00', 35.00),
  ('550e8400-e29b-41d4-a716-446655500015'::uuid, '550e8400-e29b-41d4-a716-446655440000'::uuid, '550e8400-e29b-41d4-a716-446655470008'::uuid, 'WO-015', 'Door lock repair', 'Driver side door latch failure', 'corrective', 'high', 'pending', '2025-01-15 08:00:00', 225.00),
  ('550e8400-e29b-41d4-a716-446655500016'::uuid, '550e8400-e29b-41d4-a716-446655440000'::uuid, '550e8400-e29b-41d4-a716-446655470008'::uuid, 'WO-016', 'AC system service', 'Air conditioning recharge', 'corrective', 'high', 'pending', '2025-01-15 09:00:00', 285.00),
  ('550e8400-e29b-41d4-a716-446655500017'::uuid, '550e8400-e29b-41d4-a716-446655440000'::uuid, '550e8400-e29b-41d4-a716-446655470009'::uuid, 'WO-017', 'Windshield replacement', 'Cracked windshield', 'corrective', 'medium', 'pending', '2025-01-16 08:00:00', 395.00),
  ('550e8400-e29b-41d4-a716-446655500018'::uuid, '550e8400-e29b-41d4-a716-446655440000'::uuid, '550e8400-e29b-41d4-a716-446655470009'::uuid, 'WO-018', 'Wiper blade replacement', 'Scheduled maintenance', 'preventive', 'low', 'pending', '2025-01-16 10:00:00', 52.00),
  ('550e8400-e29b-41d4-a716-446655500019'::uuid, '550e8400-e29b-41d4-a716-446655440000'::uuid, '550e8400-e29b-41d4-a716-446655470010'::uuid, 'WO-019', 'Oil change and filter replacement', 'Regular maintenance oil service', 'preventive', 'medium', 'pending', '2025-01-17 08:00:00', 125.00),
  ('550e8400-e29b-41d4-a716-446655500020'::uuid, '550e8400-e29b-41d4-a716-446655440000'::uuid, '550e8400-e29b-41d4-a716-446655470010'::uuid, 'WO-020', 'Tire replacement', 'Worn tires need replacement', 'corrective', 'high', 'pending', '2025-01-17 09:00:00', 625.00),
  ('550e8400-e29b-41d4-a716-446655500021'::uuid, '550e8400-e29b-41d4-a716-446655440000'::uuid, '550e8400-e29b-41d4-a716-446655470011'::uuid, 'WO-021', 'Brake inspection', 'Annual brake system check', 'inspection', 'medium', 'pending', '2025-01-18 08:00:00', 95.00),
  ('550e8400-e29b-41d4-a716-446655500022'::uuid, '550e8400-e29b-41d4-a716-446655440000'::uuid, '550e8400-e29b-41d4-a716-446655470011'::uuid, 'WO-022', 'Air filter replacement', 'Engine air filter change', 'preventive', 'low', 'pending', '2025-01-18 10:00:00', 45.00),
  ('550e8400-e29b-41d4-a716-446655500023'::uuid, '550e8400-e29b-41d4-a716-446655440000'::uuid, '550e8400-e29b-41d4-a716-446655470012'::uuid, 'WO-023', 'Fuel pump replacement', 'Fuel system failure', 'corrective', 'critical', 'pending', '2025-01-19 08:00:00', 550.00),
  ('550e8400-e29b-41d4-a716-446655500024'::uuid, '550e8400-e29b-41d4-a716-446655440000'::uuid, '550e8400-e29b-41d4-a716-446655470012'::uuid, 'WO-024', 'Belt and hose inspection', 'Preventive maintenance check', 'inspection', 'medium', 'pending', '2025-01-19 09:00:00', 75.00),
  ('550e8400-e29b-41d4-a716-446655500025'::uuid, '550e8400-e29b-41d4-a716-446655440000'::uuid, '550e8400-e29b-41d4-a716-446655470013'::uuid, 'WO-025', 'Cabin air filter replacement', 'HVAC filter service', 'preventive', 'low', 'pending', '2025-01-20 08:00:00', 55.00),
  ('550e8400-e29b-41d4-a716-446655500026'::uuid, '550e8400-e29b-41d4-a716-446655440000'::uuid, '550e8400-e29b-41d4-a716-446655470013'::uuid, 'WO-026', 'Steering system service', 'Power steering maintenance', 'preventive', 'medium', 'pending', '2025-01-20 10:00:00', 185.00),
  ('550e8400-e29b-41d4-a716-446655500027'::uuid, '550e8400-e29b-41d4-a716-446655440000'::uuid, '550e8400-e29b-41d4-a716-446655470014'::uuid, 'WO-027', 'Exhaust system repair', 'Rusted exhaust needs replacement', 'corrective', 'high', 'pending', '2025-01-21 08:00:00', 485.00),
  ('550e8400-e29b-41d4-a716-446655500028'::uuid, '550e8400-e29b-41d4-a716-446655440000'::uuid, '550e8400-e29b-41d4-a716-446655470014'::uuid, 'WO-028', 'Muffler replacement', 'Damaged muffler', 'corrective', 'medium', 'pending', '2025-01-21 09:00:00', 245.00),
  ('550e8400-e29b-41d4-a716-446655500029'::uuid, '550e8400-e29b-41d4-a716-446655440000'::uuid, '550e8400-e29b-41d4-a716-446655470015'::uuid, 'WO-029', 'Brake line inspection', 'Safety system audit', 'inspection', 'high', 'pending', '2025-01-22 08:00:00', 145.00),
  ('550e8400-e29b-41d4-a716-446655500030'::uuid, '550e8400-e29b-41d4-a716-446655440000'::uuid, '550e8400-e29b-41d4-a716-446655470015'::uuid, 'WO-030', 'Engine mount replacement', 'Engine vibration issue', 'corrective', 'high', 'pending', '2025-01-22 10:00:00', 375.00),
  ('550e8400-e29b-41d4-a716-446655500031'::uuid, '550e8400-e29b-41d4-a716-446655440000'::uuid, '550e8400-e29b-41d4-a716-446655470016'::uuid, 'WO-031', 'Oil change and filter replacement', 'Regular maintenance oil service', 'preventive', 'medium', 'pending', '2025-01-23 08:00:00', 125.00),
  ('550e8400-e29b-41d4-a716-446655500032'::uuid, '550e8400-e29b-41d4-a716-446655440000'::uuid, '550e8400-e29b-41d4-a716-446655470016'::uuid, 'WO-032', 'Transmission service', 'Fluid and filter change', 'preventive', 'medium', 'pending', '2025-01-23 09:00:00', 265.00),
  ('550e8400-e29b-41d4-a716-446655500033'::uuid, '550e8400-e29b-41d4-a716-446655440000'::uuid, '550e8400-e29b-41d4-a716-446655470017'::uuid, 'WO-033', 'Paint touch-up and detail', 'Minor scuff repair', 'corrective', 'low', 'pending', '2025-01-24 08:00:00', 165.00),
  ('550e8400-e29b-41d4-a716-446655500034'::uuid, '550e8400-e29b-41d4-a716-446655440000'::uuid, '550e8400-e29b-41d4-a716-446655470017'::uuid, 'WO-034', 'Undercarriage wash and inspection', 'Corrosion prevention maintenance', 'preventive', 'medium', 'pending', '2025-01-24 10:00:00', 85.00),
  ('550e8400-e29b-41d4-a716-446655500035'::uuid, '550e8400-e29b-41d4-a716-446655440000'::uuid, '550e8400-e29b-41d4-a716-446655470018'::uuid, 'WO-035', 'Suspension component replacement', 'Worn shock absorber', 'corrective', 'high', 'pending', '2025-01-25 08:00:00', 425.00),
  ('550e8400-e29b-41d4-a716-446655500036'::uuid, '550e8400-e29b-41d4-a716-446655440000'::uuid, '550e8400-e29b-41d4-a716-446655470018'::uuid, 'WO-036', 'Wheel alignment', 'Alignment correction service', 'corrective', 'medium', 'pending', '2025-01-25 09:00:00', 155.00),
  ('550e8400-e29b-41d4-a716-446655500037'::uuid, '550e8400-e29b-41d4-a716-446655440000'::uuid, '550e8400-e29b-41d4-a716-446655470019'::uuid, 'WO-037', 'DPF regeneration', 'Diesel particulate filter service', 'preventive', 'medium', 'pending', '2025-01-26 08:00:00', 245.00),
  ('550e8400-e29b-41d4-a716-446655500038'::uuid, '550e8400-e29b-41d4-a716-446655440000'::uuid, '550e8400-e29b-41d4-a716-446655470019'::uuid, 'WO-038', 'DEF fluid system check', 'Emissions control maintenance', 'preventive', 'low', 'pending', '2025-01-26 10:00:00', 65.00),
  ('550e8400-e29b-41d4-a716-446655500039'::uuid, '550e8400-e29b-41d4-a716-446655440000'::uuid, '550e8400-e29b-41d4-a716-446655470020'::uuid, 'WO-039', 'Engine computer diagnostic', 'Check engine light diagnosis', 'inspection', 'medium', 'pending', '2025-01-27 08:00:00', 125.00),
  ('550e8400-e29b-41d4-a716-446655500040'::uuid, '550e8400-e29b-41d4-a716-446655440000'::uuid, '550e8400-e29b-41d4-a716-446655470020'::uuid, 'WO-040', 'Emission test preparation', 'Pre-emissions test inspection', 'inspection', 'medium', 'pending', '2025-01-27 09:00:00', 95.00),
  ('550e8400-e29b-41d4-a716-446655500041'::uuid, '550e8400-e29b-41d4-a716-446655440000'::uuid, '550e8400-e29b-41d4-a716-446655470021'::uuid, 'WO-041', 'Battery replacement', 'Battery failing in cold weather', 'corrective', 'medium', 'pending', '2025-01-28 08:00:00', 185.00),
  ('550e8400-e29b-41d4-a716-446655500042'::uuid, '550e8400-e29b-41d4-a716-446655440000'::uuid, '550e8400-e29b-41d4-a716-446655470021'::uuid, 'WO-042', 'Coolant system flush', 'Annual cooling system maintenance', 'preventive', 'medium', 'pending', '2025-01-28 10:00:00', 165.00),
  ('550e8400-e29b-41d4-a716-446655500043'::uuid, '550e8400-e29b-41d4-a716-446655440000'::uuid, '550e8400-e29b-41d4-a716-446655470022'::uuid, 'WO-043', 'Brake pad replacement', 'Front brake pads worn', 'corrective', 'high', 'pending', '2025-01-29 08:00:00', 350.00),
  ('550e8400-e29b-41d4-a716-446655500044'::uuid, '550e8400-e29b-41d4-a716-446655440000'::uuid, '550e8400-e29b-41d4-a716-446655470022'::uuid, 'WO-044', 'Tire rotation and balance', 'Scheduled tire maintenance', 'preventive', 'medium', 'pending', '2025-01-29 09:00:00', 95.00),
  ('550e8400-e29b-41d4-a716-446655500045'::uuid, '550e8400-e29b-41d4-a716-446655440000'::uuid, '550e8400-e29b-41d4-a716-446655470023'::uuid, 'WO-045', 'Air filter replacement', 'Engine air filter change', 'preventive', 'low', 'pending', '2025-01-30 08:00:00', 45.00),
  ('550e8400-e29b-41d4-a716-446655500046'::uuid, '550e8400-e29b-41d4-a716-446655440000'::uuid, '550e8400-e29b-41d4-a716-446655470023'::uuid, 'WO-046', 'Spark plug replacement', 'Tune-up service', 'preventive', 'low', 'pending', '2025-01-30 10:00:00', 89.00),
  ('550e8400-e29b-41d4-a716-446655500047'::uuid, '550e8400-e29b-41d4-a716-446655440000'::uuid, '550e8400-e29b-41d4-a716-446655470001'::uuid, 'WO-047', 'Suspension inspection and adjustment', 'Chassis maintenance', 'inspection', 'medium', 'pending', '2025-01-31 08:00:00', 195.00),
  ('550e8400-e29b-41d4-a716-446655500048'::uuid, '550e8400-e29b-41d4-a716-446655440000'::uuid, '550e8400-e29b-41d4-a716-446655470001'::uuid, 'WO-048', 'Brake fluid replacement', 'Safety system maintenance', 'preventive', 'medium', 'pending', '2025-01-31 09:00:00', 145.00),
  ('550e8400-e29b-41d4-a716-446655500049'::uuid, '550e8400-e29b-41d4-a716-446655440000'::uuid, '550e8400-e29b-41d4-a716-446655470002'::uuid, 'WO-049', 'Diesel engine inspection', 'Quarterly engine diagnostics', 'inspection', 'medium', 'pending', '2025-02-01 08:00:00', 275.00),
  ('550e8400-e29b-41d4-a716-446655500050'::uuid, '550e8400-e29b-41d4-a716-446655440000'::uuid, '550e8400-e29b-41d4-a716-446655470002'::uuid, 'WO-050', 'Fuel injector cleaning', 'Performance restoration service', 'corrective', 'medium', 'pending', '2025-02-01 10:00:00', 325.00),
  ('550e8400-e29b-41d4-a716-446655500051'::uuid, '550e8400-e29b-41d4-a716-446655440000'::uuid, '550e8400-e29b-41d4-a716-446655470003'::uuid, 'WO-051', 'Alternator replacement', 'Charging system failure', 'corrective', 'high', 'pending', '2025-02-02 08:00:00', 420.00),
  ('550e8400-e29b-41d4-a716-446655500052'::uuid, '550e8400-e29b-41d4-a716-446655440000'::uuid, '550e8400-e29b-41d4-a716-446655470003'::uuid, 'WO-052', 'Door lock repair', 'Driver side door latch failure', 'corrective', 'high', 'pending', '2025-02-02 09:00:00', 225.00),
  ('550e8400-e29b-41d4-a716-446655500053'::uuid, '550e8400-e29b-41d4-a716-446655440000'::uuid, '550e8400-e29b-41d4-a716-446655470004'::uuid, 'WO-053', 'AC system service', 'Air conditioning recharge', 'corrective', 'high', 'pending', '2025-02-03 08:00:00', 285.00),
  ('550e8400-e29b-41d4-a716-446655500054'::uuid, '550e8400-e29b-41d4-a716-446655440000'::uuid, '550e8400-e29b-41d4-a716-446655470004'::uuid, 'WO-054', 'Windshield replacement', 'Cracked windshield', 'corrective', 'medium', 'pending', '2025-02-03 10:00:00', 395.00),
  ('550e8400-e29b-41d4-a716-446655500055'::uuid, '550e8400-e29b-41d4-a716-446655440000'::uuid, '550e8400-e29b-41d4-a716-446655470005'::uuid, 'WO-055', 'Oil change and filter replacement', 'Regular maintenance oil service', 'preventive', 'medium', 'pending', '2025-02-04 08:00:00', 125.00),
  ('550e8400-e29b-41d4-a716-446655500056'::uuid, '550e8400-e29b-41d4-a716-446655440000'::uuid, '550e8400-e29b-41d4-a716-446655470005'::uuid, 'WO-056', 'Transmission fluid change', 'Scheduled fluid service', 'preventive', 'medium', 'pending', '2025-02-04 09:00:00', 245.00),
  ('550e8400-e29b-41d4-a716-446655500057'::uuid, '550e8400-e29b-41d4-a716-446655440000'::uuid, '550e8400-e29b-41d4-a716-446655470006'::uuid, 'WO-057', 'Brake pad replacement', 'Front brake pads worn', 'corrective', 'high', 'pending', '2025-02-05 08:00:00', 350.00),
  ('550e8400-e29b-41d4-a716-446655500058'::uuid, '550e8400-e29b-41d4-a716-446655440000'::uuid, '550e8400-e29b-41d4-a716-446655470006'::uuid, 'WO-058', 'Tire rotation and balance', 'Scheduled tire maintenance', 'preventive', 'medium', 'pending', '2025-02-05 10:00:00', 95.00),
  ('550e8400-e29b-41d4-a716-446655500059'::uuid, '550e8400-e29b-41d4-a716-446655440000'::uuid, '550e8400-e29b-41d4-a716-446655470007'::uuid, 'WO-059', 'Air filter replacement', 'Engine air filter change', 'preventive', 'low', 'pending', '2025-02-06 08:00:00', 45.00),
  ('550e8400-e29b-41d4-a716-446655500060'::uuid, '550e8400-e29b-41d4-a716-446655440000'::uuid, '550e8400-e29b-41d4-a716-446655470007'::uuid, 'WO-060', 'Fuel pump replacement', 'Fuel system failure', 'corrective', 'critical', 'pending', '2025-02-06 09:00:00', 550.00),
  ('550e8400-e29b-41d4-a716-446655500061'::uuid, '550e8400-e29b-41d4-a716-446655440000'::uuid, '550e8400-e29b-41d4-a716-446655470008'::uuid, 'WO-061', 'Coolant system flush', 'Annual cooling system maintenance', 'preventive', 'medium', 'pending', '2025-02-07 08:00:00', 165.00),
  ('550e8400-e29b-41d4-a716-446655500062'::uuid, '550e8400-e29b-41d4-a716-446655440000'::uuid, '550e8400-e29b-41d4-a716-446655470008'::uuid, 'WO-062', 'Battery replacement', 'Battery failing in cold weather', 'corrective', 'medium', 'pending', '2025-02-07 10:00:00', 185.00),
  ('550e8400-e29b-41d4-a716-446655500063'::uuid, '550e8400-e29b-41d4-a716-446655440000'::uuid, '550e8400-e29b-41d4-a716-446655470009'::uuid, 'WO-063', 'Engine mount replacement', 'Engine vibration issue', 'corrective', 'high', 'pending', '2025-02-08 08:00:00', 375.00),
  ('550e8400-e29b-41d4-a716-446655500064'::uuid, '550e8400-e29b-41d4-a716-446655440000'::uuid, '550e8400-e29b-41d4-a716-446655470009'::uuid, 'WO-064', 'Exhaust system repair', 'Rusted exhaust needs replacement', 'corrective', 'high', 'pending', '2025-02-08 09:00:00', 485.00),
  ('550e8400-e29b-41d4-a716-446655500065'::uuid, '550e8400-e29b-41d4-a716-446655440000'::uuid, '550e8400-e29b-41d4-a716-446655470010'::uuid, 'WO-065', 'Suspension component replacement', 'Worn shock absorber', 'corrective', 'high', 'pending', '2025-02-09 08:00:00', 425.00);

-- Create 45 inspections (pre-trip, post-trip, annual, DOT)
INSERT INTO inspections (id, tenant_id, vehicle_id, driver_id, type, status, location, started_at, passed_inspection, notes)
VALUES
  ('550e8400-e29b-41d4-a716-446655510001'::uuid, '550e8400-e29b-41d4-a716-446655440000'::uuid, '550e8400-e29b-41d4-a716-446655470001'::uuid, '550e8400-e29b-41d4-a716-446655480001'::uuid, 'pre_trip', 'completed', '1245 Monroe Street, Tallahassee, FL', '2025-01-02 07:30:00', true, 'All systems operational'),
  ('550e8400-e29b-41d4-a716-446655510002'::uuid, '550e8400-e29b-41d4-a716-446655440000'::uuid, '550e8400-e29b-41d4-a716-446655470001'::uuid, '550e8400-e29b-41d4-a716-446655480001'::uuid, 'post_trip', 'completed', '701 Tennessee Street, Tallahassee, FL', '2025-01-02 17:00:00', true, 'No damage reported'),
  ('550e8400-e29b-41d4-a716-446655510003'::uuid, '550e8400-e29b-41d4-a716-446655440000'::uuid, '550e8400-e29b-41d4-a716-446655470002'::uuid, '550e8400-e29b-41d4-a716-446655480002'::uuid, 'pre_trip', 'completed', '1245 Monroe Street, Tallahassee, FL', '2025-01-02 07:30:00', true, 'All systems operational'),
  ('550e8400-e29b-41d4-a716-446655510004'::uuid, '550e8400-e29b-41d4-a716-446655440000'::uuid, '550e8400-e29b-41d4-a716-446655470002'::uuid, '550e8400-e29b-41d4-a716-446655480002'::uuid, 'post_trip', 'completed', '4500 Apalachee Parkway, Tallahassee, FL', '2025-01-02 16:00:00', false, 'Minor tire wear noted'),
  ('550e8400-e29b-41d4-a716-446655510005'::uuid, '550e8400-e29b-41d4-a716-446655440000'::uuid, '550e8400-e29b-41d4-a716-446655470003'::uuid, '550e8400-e29b-41d4-a716-446655480003'::uuid, 'pre_trip', 'completed', '1245 Monroe Street, Tallahassee, FL', '2025-01-03 07:30:00', true, 'All systems operational'),
  ('550e8400-e29b-41d4-a716-446655510006'::uuid, '550e8400-e29b-41d4-a716-446655440000'::uuid, '550e8400-e29b-41d4-a716-446655470003'::uuid, '550e8400-e29b-41d4-a716-446655480003'::uuid, 'post_trip', 'completed', '701 Tennessee Street, Tallahassee, FL', '2025-01-03 17:00:00', true, 'No damage reported'),
  ('550e8400-e29b-41d4-a716-446655510007'::uuid, '550e8400-e29b-41d4-a716-446655440000'::uuid, '550e8400-e29b-41d4-a716-446655470004'::uuid, '550e8400-e29b-41d4-a716-446655480004'::uuid, 'pre_trip', 'completed', '1245 Monroe Street, Tallahassee, FL', '2025-01-03 07:30:00', true, 'All systems operational'),
  ('550e8400-e29b-41d4-a716-446655510008'::uuid, '550e8400-e29b-41d4-a716-446655440000'::uuid, '550e8400-e29b-41d4-a716-446655470004'::uuid, '550e8400-e29b-41d4-a716-446655480004'::uuid, 'post_trip', 'completed', '3500 Apalachee Parkway, Tallahassee, FL', '2025-01-03 15:00:00', true, 'No issues noted'),
  ('550e8400-e29b-41d4-a716-446655510009'::uuid, '550e8400-e29b-41d4-a716-446655440000'::uuid, '550e8400-e29b-41d4-a716-446655470005'::uuid, '550e8400-e29b-41d4-a716-446655480005'::uuid, 'pre_trip', 'completed', '1245 Monroe Street, Tallahassee, FL', '2025-01-04 07:30:00', true, 'All systems operational'),
  ('550e8400-e29b-41d4-a716-446655510010'::uuid, '550e8400-e29b-41d4-a716-446655440000'::uuid, '550e8400-e29b-41d4-a716-446655470005'::uuid, '550e8400-e29b-41d4-a716-446655480005'::uuid, 'post_trip', 'completed', '2100 North Monroe Street, Tallahassee, FL', '2025-01-04 17:00:00', true, 'No damage reported'),
  ('550e8400-e29b-41d4-a716-446655510011'::uuid, '550e8400-e29b-41d4-a716-446655440000'::uuid, '550e8400-e29b-41d4-a716-446655470006'::uuid, '550e8400-e29b-41d4-a716-446655480006'::uuid, 'annual', 'completed', '1245 Monroe Street, Tallahassee, FL', '2024-12-15 08:00:00', true, 'Annual inspection passed - all systems excellent'),
  ('550e8400-e29b-41d4-a716-446655510012'::uuid, '550e8400-e29b-41d4-a716-446655440000'::uuid, '550e8400-e29b-41d4-a716-446655470006'::uuid, '550e8400-e29b-41d4-a716-446655480007'::uuid, 'pre_trip', 'completed', '1245 Monroe Street, Tallahassee, FL', '2025-01-05 07:30:00', true, 'All systems operational'),
  ('550e8400-e29b-41d4-a716-446655510013'::uuid, '550e8400-e29b-41d4-a716-446655440000'::uuid, '550e8400-e29b-41d4-a716-446655470007'::uuid, '550e8400-e29b-41d4-a716-446655480008'::uuid, 'post_trip', 'completed', '3200 Capital Circle NE, Tallahassee, FL', '2025-01-05 16:00:00', true, 'Minor dust on interior noted'),
  ('550e8400-e29b-41d4-a716-446655510014'::uuid, '550e8400-e29b-41d4-a716-446655440000'::uuid, '550e8400-e29b-41d4-a716-446655470008'::uuid, '550e8400-e29b-41d4-a716-446655480009'::uuid, 'pre_trip', 'completed', '1245 Monroe Street, Tallahassee, FL', '2025-01-06 07:30:00', true, 'All systems operational'),
  ('550e8400-e29b-41d4-a716-446655510015'::uuid, '550e8400-e29b-41d4-a716-446655440000'::uuid, '550e8400-e29b-41d4-a716-446655470008'::uuid, '550e8400-e29b-41d4-a716-446655480010'::uuid, 'post_trip', 'completed', '1850 West Tennessee Street, Tallahassee, FL', '2025-01-06 15:00:00', false, 'Tire pressure low - needs adjustment'),
  ('550e8400-e29b-41d4-a716-446655510016'::uuid, '550e8400-e29b-41d4-a716-446655440000'::uuid, '550e8400-e29b-41d4-a716-446655470009'::uuid, '550e8400-e29b-41d4-a716-446655480011'::uuid, 'dot', 'completed', '4500 Apalachee Parkway, Tallahassee, FL', '2025-01-06 09:00:00', true, 'DOT inspection passed'),
  ('550e8400-e29b-41d4-a716-446655510017'::uuid, '550e8400-e29b-41d4-a716-446655440000'::uuid, '550e8400-e29b-41d4-a716-446655470010'::uuid, '550e8400-e29b-41d4-a716-446655480012'::uuid, 'pre_trip', 'completed', '1245 Monroe Street, Tallahassee, FL', '2025-01-07 07:30:00', true, 'All systems operational'),
  ('550e8400-e29b-41d4-a716-446655510018'::uuid, '550e8400-e29b-41d4-a716-446655440000'::uuid, '550e8400-e29b-41d4-a716-446655470010'::uuid, '550e8400-e29b-41d4-a716-446655480013'::uuid, 'post_trip', 'completed', '1650 Capital Circle SE, Tallahassee, FL', '2025-01-07 16:00:00', true, 'No damage reported'),
  ('550e8400-e29b-41d4-a716-446655510019'::uuid, '550e8400-e29b-41d4-a716-446655440000'::uuid, '550e8400-e29b-41d4-a716-446655470011'::uuid, '550e8400-e29b-41d4-a716-446655480014'::uuid, 'pre_trip', 'completed', '1245 Monroe Street, Tallahassee, FL', '2025-01-08 07:30:00', true, 'All systems operational'),
  ('550e8400-e29b-41d4-a716-446655510020'::uuid, '550e8400-e29b-41d4-a716-446655440000'::uuid, '550e8400-e29b-41d4-a716-446655470011'::uuid, '550e8400-e29b-41d4-a716-446655480015'::uuid, 'post_trip', 'completed', '701 Tennessee Street, Tallahassee, FL', '2025-01-08 17:00:00', true, 'No issues noted'),
  ('550e8400-e29b-41d4-a716-446655510021'::uuid, '550e8400-e29b-41d4-a716-446655440000'::uuid, '550e8400-e29b-41d4-a716-446655470012'::uuid, '550e8400-e29b-41d4-a716-446655480016'::uuid, 'pre_trip', 'completed', '1245 Monroe Street, Tallahassee, FL', '2025-01-08 07:30:00', true, 'All systems operational'),
  ('550e8400-e29b-41d4-a716-446655510022'::uuid, '550e8400-e29b-41d4-a716-446655440000'::uuid, '550e8400-e29b-41d4-a716-446655470012'::uuid, '550e8400-e29b-41d4-a716-446655480017'::uuid, 'post_trip', 'completed', '4500 Apalachee Parkway, Tallahassee, FL', '2025-01-08 16:00:00', false, 'Minor scratch on passenger door'),
  ('550e8400-e29b-41d4-a716-446655510023'::uuid, '550e8400-e29b-41d4-a716-446655440000'::uuid, '550e8400-e29b-41d4-a716-446655470013'::uuid, '550e8400-e29b-41d4-a716-446655480018'::uuid, 'pre_trip', 'completed', '1245 Monroe Street, Tallahassee, FL', '2025-01-09 07:30:00', true, 'All systems operational'),
  ('550e8400-e29b-41d4-a716-446655510024'::uuid, '550e8400-e29b-41d4-a716-446655440000'::uuid, '550e8400-e29b-41d4-a716-446655470013'::uuid, '550e8400-e29b-41d4-a716-446655480019'::uuid, 'post_trip', 'completed', '3500 Apalachee Parkway, Tallahassee, FL', '2025-01-09 15:00:00', true, 'No damage reported'),
  ('550e8400-e29b-41d4-a716-446655510025'::uuid, '550e8400-e29b-41d4-a716-446655440000'::uuid, '550e8400-e29b-41d4-a716-446655470014'::uuid, '550e8400-e29b-41d4-a716-446655480020'::uuid, 'pre_trip', 'completed', '1245 Monroe Street, Tallahassee, FL', '2025-01-09 07:30:00', true, 'All systems operational'),
  ('550e8400-e29b-41d4-a716-446655510026'::uuid, '550e8400-e29b-41d4-a716-446655440000'::uuid, '550e8400-e29b-41d4-a716-446655470014'::uuid, '550e8400-e29b-41d4-a716-446655480021'::uuid, 'post_trip', 'completed', '2950 North Monroe Street, Tallahassee, FL', '2025-01-09 17:00:00', true, 'No issues noted'),
  ('550e8400-e29b-41d4-a716-446655510027'::uuid, '550e8400-e29b-41d4-a716-446655440000'::uuid, '550e8400-e29b-41d4-a716-446655470015'::uuid, '550e8400-e29b-41d4-a716-446655480022'::uuid, 'pre_trip', 'completed', '1245 Monroe Street, Tallahassee, FL', '2025-01-10 07:30:00', true, 'All systems operational'),
  ('550e8400-e29b-41d4-a716-446655510028'::uuid, '550e8400-e29b-41d4-a716-446655440000'::uuid, '550e8400-e29b-41d4-a716-446655470015'::uuid, '550e8400-e29b-41d4-a716-446655480023'::uuid, 'post_trip', 'completed', '701 Tennessee Street, Tallahassee, FL', '2025-01-10 16:00:00', true, 'No damage reported'),
  ('550e8400-e29b-41d4-a716-446655510029'::uuid, '550e8400-e29b-41d4-a716-446655440000'::uuid, '550e8400-e29b-41d4-a716-446655470016'::uuid, '550e8400-e29b-41d4-a716-446655480001'::uuid, 'annual', 'completed', '1245 Monroe Street, Tallahassee, FL', '2024-12-20 08:00:00', true, 'Annual inspection passed - all systems excellent'),
  ('550e8400-e29b-41d4-a716-446655510030'::uuid, '550e8400-e29b-41d4-a716-446655440000'::uuid, '550e8400-e29b-41d4-a716-446655470017'::uuid, '550e8400-e29b-41d4-a716-446655480002'::uuid, 'pre_trip', 'completed', '1245 Monroe Street, Tallahassee, FL', '2025-01-11 07:30:00', true, 'All systems operational'),
  ('550e8400-e29b-41d4-a716-446655510031'::uuid, '550e8400-e29b-41d4-a716-446655440000'::uuid, '550e8400-e29b-41d4-a716-446655470018'::uuid, '550e8400-e29b-41d4-a716-446655480003'::uuid, 'post_trip', 'completed', '1850 West Tennessee Street, Tallahassee, FL', '2025-01-11 16:00:00', true, 'No damage reported'),
  ('550e8400-e29b-41d4-a716-446655510032'::uuid, '550e8400-e29b-41d4-a716-446655440000'::uuid, '550e8400-e29b-41d4-a716-446655470019'::uuid, '550e8400-e29b-41d4-a716-446655480004'::uuid, 'pre_trip', 'completed', '1245 Monroe Street, Tallahassee, FL', '2025-01-12 07:30:00', true, 'All systems operational'),
  ('550e8400-e29b-41d4-a716-446655510033'::uuid, '550e8400-e29b-41d4-a716-446655440000'::uuid, '550e8400-e29b-41d4-a716-446655470020'::uuid, '550e8400-e29b-41d4-a716-446655480005'::uuid, 'post_trip', 'completed', '3200 Capital Circle NE, Tallahassee, FL', '2025-01-12 15:00:00', true, 'No issues noted'),
  ('550e8400-e29b-41d4-a716-446655510034'::uuid, '550e8400-e29b-41d4-a716-446655440000'::uuid, '550e8400-e29b-41d4-a716-446655470021'::uuid, '550e8400-e29b-41d4-a716-446655480006'::uuid, 'pre_trip', 'completed', '1245 Monroe Street, Tallahassee, FL', '2025-01-13 07:30:00', true, 'All systems operational'),
  ('550e8400-e29b-41d4-a716-446655510035'::uuid, '550e8400-e29b-41d4-a716-446655440000'::uuid, '550e8400-e29b-41d4-a716-446655470022'::uuid, '550e8400-e29b-41d4-a716-446655480007'::uuid, 'post_trip', 'completed', '701 Tennessee Street, Tallahassee, FL', '2025-01-13 17:00:00', true, 'No damage reported'),
  ('550e8400-e29b-41d4-a716-446655510036'::uuid, '550e8400-e29b-41d4-a716-446655440000'::uuid, '550e8400-e29b-41d4-a716-446655470023'::uuid, '550e8400-e29b-41d4-a716-446655480008'::uuid, 'pre_trip', 'completed', '1245 Monroe Street, Tallahassee, FL', '2025-01-14 07:30:00', true, 'All systems operational'),
  ('550e8400-e29b-41d4-a716-446655510037'::uuid, '550e8400-e29b-41d4-a716-446655440000'::uuid, '550e8400-e29b-41d4-a716-446655470001'::uuid, '550e8400-e29b-41d4-a716-446655480009'::uuid, 'post_trip', 'completed', '4500 Apalachee Parkway, Tallahassee, FL', '2025-01-14 16:00:00', true, 'No issues noted'),
  ('550e8400-e29b-41d4-a716-446655510038'::uuid, '550e8400-e29b-41d4-a716-446655440000'::uuid, '550e8400-e29b-41d4-a716-446655470002'::uuid, '550e8400-e29b-41d4-a716-446655480010'::uuid, 'pre_trip', 'completed', '1245 Monroe Street, Tallahassee, FL', '2025-01-15 07:30:00', true, 'All systems operational'),
  ('550e8400-e29b-41d4-a716-446655510039'::uuid, '550e8400-e29b-41d4-a716-446655440000'::uuid, '550e8400-e29b-41d4-a716-446655470003'::uuid, '550e8400-e29b-41d4-a716-446655480011'::uuid, 'post_trip', 'completed', '3500 Apalachee Parkway, Tallahassee, FL', '2025-01-15 15:00:00', true, 'No damage reported'),
  ('550e8400-e29b-41d4-a716-446655510040'::uuid, '550e8400-e29b-41d4-a716-446655440000'::uuid, '550e8400-e29b-41d4-a716-446655470004'::uuid, '550e8400-e29b-41d4-a716-446655480012'::uuid, 'safety', 'completed', '1245 Monroe Street, Tallahassee, FL', '2025-01-16 08:00:00', true, 'Safety equipment check passed'),
  ('550e8400-e29b-41d4-a716-446655510041'::uuid, '550e8400-e29b-41d4-a716-446655440000'::uuid, '550e8400-e29b-41d4-a716-446655470005'::uuid, '550e8400-e29b-41d4-a716-446655480013'::uuid, 'pre_trip', 'completed', '1245 Monroe Street, Tallahassee, FL', '2025-01-16 07:30:00', true, 'All systems operational'),
  ('550e8400-e29b-41d4-a716-446655510042'::uuid, '550e8400-e29b-41d4-a716-446655440000'::uuid, '550e8400-e29b-41d4-a716-446655470006'::uuid, '550e8400-e29b-41d4-a716-446655480014'::uuid, 'post_trip', 'completed', '2100 North Monroe Street, Tallahassee, FL', '2025-01-16 17:00:00', true, 'No issues noted'),
  ('550e8400-e29b-41d4-a716-446655510043'::uuid, '550e8400-e29b-41d4-a716-446655440000'::uuid, '550e8400-e29b-41d4-a716-446655470007'::uuid, '550e8400-e29b-41d4-a716-446655480015'::uuid, 'pre_trip', 'completed', '1245 Monroe Street, Tallahassee, FL', '2025-01-17 07:30:00', true, 'All systems operational'),
  ('550e8400-e29b-41d4-a716-446655510044'::uuid, '550e8400-e29b-41d4-a716-446655440000'::uuid, '550e8400-e29b-41d4-a716-446655470008'::uuid, '550e8400-e29b-41d4-a716-446655480016'::uuid, 'post_trip', 'completed', '701 Tennessee Street, Tallahassee, FL', '2025-01-17 16:00:00', true, 'No damage reported'),
  ('550e8400-e29b-41d4-a716-446655510045'::uuid, '550e8400-e29b-41d4-a716-446655440000'::uuid, '550e8400-e29b-41d4-a716-446655470009'::uuid, '550e8400-e29b-41d4-a716-446655480017'::uuid, 'pre_trip', 'completed', '1245 Monroe Street, Tallahassee, FL', '2025-01-18 07:30:00', true, 'All systems operational');

-- Create 8 incidents (minor accidents and weather-related)
INSERT INTO incidents (id, tenant_id, number, vehicle_id, driver_id, type, severity, status, incident_date, location, latitude, longitude, description, injuries_reported, fatalities_reported)
VALUES
  ('550e8400-e29b-41d4-a716-446655520001'::uuid, '550e8400-e29b-41d4-a716-446655440000'::uuid, 'INC-2024-001', '550e8400-e29b-41d4-a716-446655470001'::uuid, '550e8400-e29b-41d4-a716-446655480001'::uuid, 'minor_accident', 'minor', 'pending', '2024-12-10 14:30:00', 'North Monroe Street at Capital Circle', 30.4450, -84.2700, 'Minor parking lot fender bender with another vehicle', false, false),
  ('550e8400-e29b-41d4-a716-446655520002'::uuid, '550e8400-e29b-41d4-a716-446655440000'::uuid, 'INC-2024-002', '550e8400-e29b-41d4-a716-446655470005'::uuid, '550e8400-e29b-41d4-a716-446655480005'::uuid, 'weather_related', 'minor', 'pending', '2024-12-15 16:15:00', 'Tennessee Street, Downtown Tallahassee', 30.4383, -84.2800, 'Heavy rain caused temporary loss of traction on highway onramp', false, false),
  ('550e8400-e29b-41d4-a716-446655520003'::uuid, '550e8400-e29b-41d4-a716-446655440000'::uuid, 'INC-2024-003', '550e8400-e29b-41d4-a716-446655470009'::uuid, '550e8400-e29b-41d4-a716-446655480009'::uuid, 'minor_accident', 'minor', 'completed', '2024-12-18 10:45:00', 'Apalachee Parkway at Capital Circle NE', 30.3950, -84.3200, 'Sideswipe with delivery truck at traffic light', false, false),
  ('550e8400-e29b-41d4-a716-446655520004'::uuid, '550e8400-e29b-41d4-a716-446655440000'::uuid, 'INC-2024-004', '550e8400-e29b-41d4-a716-446655470013'::uuid, '550e8400-e29b-41d4-a716-446655480012'::uuid, 'weather_related', 'moderate', 'pending', '2024-12-22 08:20:00', 'Interstate 10 near Tallahassee Exit', 30.4000, -84.2900, 'Fog-related visibility issue, minor surface damage from lane hazard avoidance', false, false),
  ('550e8400-e29b-41d4-a716-446655520005'::uuid, '550e8400-e29b-41d4-a716-446655440000'::uuid, 'INC-2024-005', '550e8400-e29b-41d4-a716-446655470018'::uuid, '550e8400-e29b-41d4-a716-446655480014'::uuid, 'minor_accident', 'minor', 'completed', '2024-12-28 13:10:00', 'Woodville Road, South Tallahassee', 30.3800, -84.2700, 'Low-speed collision in parking area with minimal damage', false, false),
  ('550e8400-e29b-41d4-a716-446655520006'::uuid, '550e8400-e29b-41d4-a716-446655440000'::uuid, 'INC-2024-006', '550e8400-e29b-41d4-a716-446655470023'::uuid, '550e8400-e29b-41d4-a716-446655480017'::uuid, 'weather_related', 'minor', 'pending', '2025-01-02 09:30:00', 'Capital Circle near Innovation Park', 30.4100, -84.3600, 'Sudden thunderstorm caused hydroplaning, no contact', false, false),
  ('550e8400-e29b-41d4-a716-446655520007'::uuid, '550e8400-e29b-41d4-a716-446655440000'::uuid, 'INC-2024-007', '550e8400-e29b-41d4-a716-446655470006'::uuid, '550e8400-e29b-41d4-a716-446655480020'::uuid, 'mechanical_failure', 'moderate', 'pending', '2025-01-04 15:45:00', 'North Monroe Street, Commercial District', 30.4500, -84.2650, 'Engine overheating in heavy traffic, pulled over safely', false, false),
  ('550e8400-e29b-41d4-a716-446655520008'::uuid, '550e8400-e29b-41d4-a716-446655440000'::uuid, 'INC-2024-008', '550e8400-e29b-41d4-a716-446655470014'::uuid, '550e8400-e29b-41d4-a716-446655480021'::uuid, 'minor_accident', 'minor', 'completed', '2025-01-06 11:20:00', 'West Tennessee Street, Downtown', 30.4380, -84.2900, 'Rear-end tap at stop sign, minor cosmetic damage', false, false);

-- Commit complete
COMMIT;
