-- Fleet Management System - Demo Data
-- This script creates a realistic, impressive demo environment with full operational data
-- Password for all demo users: Demo@123 (bcrypt hash: $2b$10$rSyN0kzQvb9VqP1Ue3jV8.xQZYv4YvWxqJLjBzH6P8RqK2JZyK1Oa)

-- Clear existing demo data (preserve schema)
TRUNCATE TABLE notifications CASCADE;
TRUNCATE TABLE policy_violations CASCADE;
TRUNCATE TABLE policies CASCADE;
TRUNCATE TABLE communication_logs CASCADE;
TRUNCATE TABLE purchase_orders CASCADE;
TRUNCATE TABLE vendors CASCADE;
TRUNCATE TABLE charging_sessions CASCADE;
TRUNCATE TABLE charging_stations CASCADE;
TRUNCATE TABLE video_events CASCADE;
TRUNCATE TABLE safety_incidents CASCADE;
TRUNCATE TABLE inspections CASCADE;
TRUNCATE TABLE inspection_forms CASCADE;
TRUNCATE TABLE telemetry_data CASCADE;
TRUNCATE TABLE geofence_events CASCADE;
TRUNCATE TABLE geofences CASCADE;
TRUNCATE TABLE routes CASCADE;
TRUNCATE TABLE fuel_transactions CASCADE;
TRUNCATE TABLE maintenance_schedules CASCADE;
TRUNCATE TABLE work_orders CASCADE;
TRUNCATE TABLE facilities CASCADE;
TRUNCATE TABLE drivers CASCADE;
TRUNCATE TABLE vehicles CASCADE;
TRUNCATE TABLE audit_logs CASCADE;
TRUNCATE TABLE users CASCADE;
TRUNCATE TABLE tenants CASCADE;

-- ============================================
-- TENANT: Demo Fleet Corporation
-- ============================================
INSERT INTO tenants (id, name, domain, is_active, settings) VALUES
('11111111-1111-1111-1111-111111111111', 'Demo Fleet Corporation', 'demo.fleetmanagement.com', true,
 '{"industry": "Logistics & Transportation", "fleet_size": 50, "timezone": "America/New_York"}');

-- ============================================
-- USERS (7 different roles)
-- ============================================
-- Password: Demo@123 for all users
INSERT INTO users (id, tenant_id, email, password_hash, first_name, last_name, phone, role, is_active) VALUES
-- Admin
('22222222-2222-2222-2222-222222222221', '11111111-1111-1111-1111-111111111111',
 'admin@demofleet.com', '$2b$10$rSyN0kzQvb9VqP1Ue3jV8.xQZYv4YvWxqJLjBzH6P8RqK2JZyK1Oa',
 'Sarah', 'Williams', '212-555-0100', 'admin', true),

-- Fleet Manager
('22222222-2222-2222-2222-222222222222', '11111111-1111-1111-1111-111111111111',
 'manager@demofleet.com', '$2b$10$rSyN0kzQvb9VqP1Ue3jV8.xQZYv4YvWxqJLjBzH6P8RqK2JZyK1Oa',
 'Michael', 'Chen', '212-555-0101', 'fleet_manager', true),

-- Technician
('22222222-2222-2222-2222-222222222223', '11111111-1111-1111-1111-111111111111',
 'tech@demofleet.com', '$2b$10$rSyN0kzQvb9VqP1Ue3jV8.xQZYv4YvWxqJLjBzH6P8RqK2JZyK1Oa',
 'Robert', 'Martinez', '212-555-0102', 'technician', true),

-- Drivers
('22222222-2222-2222-2222-222222222224', '11111111-1111-1111-1111-111111111111',
 'driver1@demofleet.com', '$2b$10$rSyN0kzQvb9VqP1Ue3jV8.xQZYv4YvWxqJLjBzH6P8RqK2JZyK1Oa',
 'James', 'Thompson', '212-555-0103', 'driver', true),

('22222222-2222-2222-2222-222222222225', '11111111-1111-1111-1111-111111111111',
 'driver2@demofleet.com', '$2b$10$rSyN0kzQvb9VqP1Ue3jV8.xQZYv4YvWxqJLjBzH6P8RqK2JZyK1Oa',
 'Maria', 'Rodriguez', '212-555-0104', 'driver', true),

('22222222-2222-2222-2222-222222222226', '11111111-1111-1111-1111-111111111111',
 'driver3@demofleet.com', '$2b$10$rSyN0kzQvb9VqP1Ue3jV8.xQZYv4YvWxqJLjBzH6P8RqK2JZyK1Oa',
 'David', 'Anderson', '212-555-0105', 'driver', true),

('22222222-2222-2222-2222-222222222227', '11111111-1111-1111-1111-111111111111',
 'driver4@demofleet.com', '$2b$10$rSyN0kzQvb9VqP1Ue3jV8.xQZYv4YvWxqJLjBzH6P8RqK2JZyK1Oa',
 'Jennifer', 'Taylor', '212-555-0106', 'driver', true);

-- ============================================
-- FACILITIES (5 locations)
-- ============================================
INSERT INTO facilities (id, tenant_id, name, facility_type, address, city, state, zip_code, latitude, longitude, phone, capacity, service_bays, is_active) VALUES
('33333333-3333-3333-3333-333333333331', '11111111-1111-1111-1111-111111111111',
 'HQ Depot', 'headquarters', '1250 Broadway', 'New York', 'NY', '10001',
 40.7489, -73.9883, '212-555-1000', 25, 8, true),

('33333333-3333-3333-3333-333333333332', '11111111-1111-1111-1111-111111111111',
 'West Coast Hub', 'distribution', '800 S Figueroa St', 'Los Angeles', 'CA', '90017',
 34.0522, -118.2437, '213-555-2000', 20, 6, true),

('33333333-3333-3333-3333-333333333333', '11111111-1111-1111-1111-111111111111',
 'Central Operations', 'service_center', '233 S Wacker Dr', 'Chicago', 'IL', '60606',
 41.8781, -87.6298, '312-555-3000', 15, 5, true),

('33333333-3333-3333-3333-333333333334', '11111111-1111-1111-1111-111111111111',
 'East Service Center', 'service_center', '180 Peachtree St', 'Atlanta', 'GA', '30303',
 33.7490, -84.3880, '404-555-4000', 12, 4, true),

('33333333-3333-3333-3333-333333333335', '11111111-1111-1111-1111-111111111111',
 'Northwest Facility', 'distribution', '1301 5th Ave', 'Seattle', 'WA', '98101',
 47.6062, -122.3321, '206-555-5000', 18, 5, true);

-- ============================================
-- DRIVERS (10 with complete profiles)
-- ============================================
INSERT INTO drivers (id, tenant_id, user_id, license_number, license_state, license_expiration, cdl_class, cdl_endorsements,
                    medical_card_expiration, hire_date, status, safety_score, total_miles_driven, emergency_contact_name, emergency_contact_phone) VALUES
('44444444-4444-4444-4444-444444444441', '11111111-1111-1111-1111-111111111111', '22222222-2222-2222-2222-222222222224',
 'D1234567', 'NY', '2026-08-15', 'A', ARRAY['H', 'N', 'T'], '2025-12-31', '2020-03-15', 'active', 98.5, 125000, 'Linda Thompson', '212-555-0203'),

('44444444-4444-4444-4444-444444444442', '11111111-1111-1111-1111-111111111111', '22222222-2222-2222-2222-222222222225',
 'D2345678', 'NY', '2025-11-20', 'B', ARRAY['N'], '2026-01-15', '2019-07-22', 'active', 99.2, 145000, 'Carlos Rodriguez', '212-555-0204'),

('44444444-4444-4444-4444-444444444443', '11111111-1111-1111-1111-111111111111', '22222222-2222-2222-2222-222222222226',
 'D3456789', 'NY', '2027-03-10', 'A', ARRAY['H', 'N'], '2025-10-30', '2021-01-10', 'active', 97.8, 98000, 'Susan Anderson', '212-555-0205'),

('44444444-4444-4444-4444-444444444444', '11111111-1111-1111-1111-111111111111', '22222222-2222-2222-2222-222222222227',
 'D4567890', 'NY', '2026-05-25', 'B', ARRAY['N', 'P'], '2026-03-15', '2018-09-05', 'active', 96.5, 175000, 'Mark Taylor', '212-555-0206');

-- ============================================
-- VEHICLES (50 diverse vehicles)
-- ============================================

-- Sedans (15)
INSERT INTO vehicles (id, tenant_id, vin, make, model, year, license_plate, vehicle_type, fuel_type, status, odometer,
                     purchase_date, purchase_price, current_value, assigned_driver_id, assigned_facility_id) VALUES
('55555555-5555-5555-5555-555555555501', '11111111-1111-1111-1111-111111111111', '1HGCM82633A004352', 'Honda', 'Accord', 2022, 'NYC-1001', 'sedan', 'gasoline', 'active', 28500, '2022-01-15', 28500, 24000, '44444444-4444-4444-4444-444444444441', '33333333-3333-3333-3333-333333333331'),
('55555555-5555-5555-5555-555555555502', '11111111-1111-1111-1111-111111111111', '1HGCM82633A004353', 'Honda', 'Accord', 2022, 'NYC-1002', 'sedan', 'gasoline', 'active', 31200, '2022-01-20', 28500, 23500, '44444444-4444-4444-4444-444444444442', '33333333-3333-3333-3333-333333333331'),
('55555555-5555-5555-5555-555555555503', '11111111-1111-1111-1111-111111111111', '4T1BF1FK5CU123456', 'Toyota', 'Camry', 2023, 'NYC-1003', 'sedan', 'gasoline', 'active', 18500, '2023-03-10', 29500, 27000, NULL, '33333333-3333-3333-3333-333333333331'),
('55555555-5555-5555-5555-555555555504', '11111111-1111-1111-1111-111111111111', '4T1BF1FK5CU123457', 'Toyota', 'Camry', 2023, 'NYC-1004', 'sedan', 'gasoline', 'active', 22100, '2023-03-12', 29500, 26800, NULL, '33333333-3333-3333-3333-333333333331'),
('55555555-5555-5555-5555-555555555505', '11111111-1111-1111-1111-111111111111', '5YJ3E1EA5KF123456', 'Tesla', 'Model 3', 2023, 'NYC-1005', 'sedan', 'electric', 'active', 15200, '2023-05-01', 42000, 38000, '44444444-4444-4444-4444-444444444443', '33333333-3333-3333-3333-333333333331'),
('55555555-5555-5555-5555-555555555506', '11111111-1111-1111-1111-111111111111', '5YJ3E1EA5KF123457', 'Tesla', 'Model 3', 2023, 'LA-2001', 'sedan', 'electric', 'active', 19800, '2023-05-05', 42000, 37500, NULL, '33333333-3333-3333-3333-333333333332'),
('55555555-5555-5555-5555-555555555507', '11111111-1111-1111-1111-111111111111', '1HGCM82633A004354', 'Honda', 'Accord', 2021, 'LA-2002', 'sedan', 'gasoline', 'active', 45200, '2021-06-15', 27500, 21000, NULL, '33333333-3333-3333-3333-333333333332'),
('55555555-5555-5555-5555-555555555508', '11111111-1111-1111-1111-111111111111', '1HGCM82633A004355', 'Honda', 'Accord', 2021, 'LA-2003', 'sedan', 'gasoline', 'maintenance', 48900, '2021-06-20', 27500, 20500, NULL, '33333333-3333-3333-3333-333333333332'),
('55555555-5555-5555-5555-555555555509', '11111111-1111-1111-1111-111111111111', '4T1BF1FK5CU123458', 'Toyota', 'Camry', 2022, 'CHI-3001', 'sedan', 'gasoline', 'active', 35600, '2022-08-10', 28500, 23500, NULL, '33333333-3333-3333-3333-333333333333'),
('55555555-5555-5555-5555-555555555510', '11111111-1111-1111-1111-111111111111', '4T1BF1FK5CU123459', 'Toyota', 'Camry', 2022, 'CHI-3002', 'sedan', 'gasoline', 'active', 38200, '2022-08-15', 28500, 23000, NULL, '33333333-3333-3333-3333-333333333333'),
('55555555-5555-5555-5555-555555555511', '11111111-1111-1111-1111-111111111111', '5YJ3E1EA5KF123458', 'Tesla', 'Model 3', 2024, 'CHI-3003', 'sedan', 'electric', 'active', 8500, '2024-01-10', 43000, 41000, NULL, '33333333-3333-3333-3333-333333333333'),
('55555555-5555-5555-5555-555555555512', '11111111-1111-1111-1111-111111111111', '1HGCM82633A004356', 'Honda', 'Accord', 2023, 'ATL-4001', 'sedan', 'gasoline', 'active', 21500, '2023-04-20', 29000, 26500, NULL, '33333333-3333-3333-3333-333333333334'),
('55555555-5555-5555-5555-555555555513', '11111111-1111-1111-1111-111111111111', '4T1BF1FK5CU123460', 'Toyota', 'Camry', 2023, 'ATL-4002', 'sedan', 'gasoline', 'active', 19200, '2023-05-15', 29500, 27000, NULL, '33333333-3333-3333-3333-333333333334'),
('55555555-5555-5555-5555-555555555514', '11111111-1111-1111-1111-111111111111', '5YJ3E1EA5KF123459', 'Tesla', 'Model 3', 2024, 'SEA-5001', 'sedan', 'electric', 'active', 6200, '2024-02-01', 43000, 41500, NULL, '33333333-3333-3333-3333-333333333335'),
('55555555-5555-5555-5555-555555555515', '11111111-1111-1111-1111-111111111111', '1HGCM82633A004357', 'Honda', 'Accord', 2024, 'SEA-5002', 'sedan', 'gasoline', 'active', 5800, '2024-03-01', 30000, 29000, NULL, '33333333-3333-3333-3333-333333333335');

-- Trucks (10)
INSERT INTO vehicles (id, tenant_id, vin, make, model, year, license_plate, vehicle_type, fuel_type, status, odometer,
                     purchase_date, purchase_price, current_value, assigned_driver_id, assigned_facility_id) VALUES
('55555555-5555-5555-5555-555555555516', '11111111-1111-1111-1111-111111111111', '1FTFW1ET5DFC10123', 'Ford', 'F-150', 2022, 'NYC-1101', 'truck', 'gasoline', 'active', 42000, '2022-02-10', 45000, 38000, NULL, '33333333-3333-3333-3333-333333333331'),
('55555555-5555-5555-5555-555555555517', '11111111-1111-1111-1111-111111111111', '1FTFW1ET5DFC10124', 'Ford', 'F-150', 2022, 'NYC-1102', 'truck', 'gasoline', 'active', 45200, '2022-02-15', 45000, 37500, NULL, '33333333-3333-3333-3333-333333333331'),
('55555555-5555-5555-5555-555555555518', '11111111-1111-1111-1111-111111111111', '1GC4K0CY8FF654321', 'Chevrolet', 'Silverado', 2023, 'LA-2101', 'truck', 'diesel', 'active', 28500, '2023-01-20', 52000, 47000, NULL, '33333333-3333-3333-3333-333333333332'),
('55555555-5555-5555-5555-555555555519', '11111111-1111-1111-1111-111111111111', '1GC4K0CY8FF654322', 'Chevrolet', 'Silverado', 2023, 'LA-2102', 'truck', 'diesel', 'maintenance', 31200, '2023-01-25', 52000, 46500, NULL, '33333333-3333-3333-3333-333333333332'),
('55555555-5555-5555-5555-555555555520', '11111111-1111-1111-1111-111111111111', '3C6TR5DT5FG123456', 'Ram', '1500', 2023, 'CHI-3101', 'truck', 'gasoline', 'active', 25800, '2023-03-10', 48000, 43000, NULL, '33333333-3333-3333-3333-333333333333'),
('55555555-5555-5555-5555-555555555521', '11111111-1111-1111-1111-111111111111', '3C6TR5DT5FG123457', 'Ram', '1500', 2023, 'CHI-3102', 'truck', 'gasoline', 'active', 27300, '2023-03-15', 48000, 42500, NULL, '33333333-3333-3333-3333-333333333333'),
('55555555-5555-5555-5555-555555555522', '11111111-1111-1111-1111-111111111111', '1FTFW1ET5DFC10125', 'Ford', 'F-150', 2024, 'ATL-4101', 'truck', 'gasoline', 'active', 12500, '2024-01-15', 47000, 45000, NULL, '33333333-3333-3333-3333-333333333334'),
('55555555-5555-5555-5555-555555555523', '11111111-1111-1111-1111-111111111111', '1GC4K0CY8FF654323', 'Chevrolet', 'Silverado', 2024, 'ATL-4102', 'truck', 'diesel', 'active', 10800, '2024-02-01', 53000, 51000, NULL, '33333333-3333-3333-3333-333333333334'),
('55555555-5555-5555-5555-555555555524', '11111111-1111-1111-1111-111111111111', '3C6TR5DT5FG123458', 'Ram', '1500', 2024, 'SEA-5101', 'truck', 'gasoline', 'active', 9200, '2024-02-10', 49000, 47500, NULL, '33333333-3333-3333-3333-333333333335'),
('55555555-5555-5555-5555-555555555525', '11111111-1111-1111-1111-111111111111', '1FTFW1ET5DFC10126', 'Ford', 'F-150', 2024, 'SEA-5102', 'truck', 'gasoline', 'active', 8500, '2024-03-01', 47000, 46000, NULL, '33333333-3333-3333-3333-333333333335');

-- Vans (10)
INSERT INTO vehicles (id, tenant_id, vin, make, model, year, license_plate, vehicle_type, fuel_type, status, odometer,
                     purchase_date, purchase_price, current_value, assigned_driver_id, assigned_facility_id) VALUES
('55555555-5555-5555-5555-555555555526', '11111111-1111-1111-1111-111111111111', '1FTBW2CM8GKA12345', 'Ford', 'Transit', 2022, 'NYC-1201', 'van', 'gasoline', 'active', 55000, '2022-01-10', 38000, 32000, NULL, '33333333-3333-3333-3333-333333333331'),
('55555555-5555-5555-5555-555555555527', '11111111-1111-1111-1111-111111111111', '1FTBW2CM8GKA12346', 'Ford', 'Transit', 2022, 'NYC-1202', 'van', 'gasoline', 'active', 58200, '2022-01-15', 38000, 31500, NULL, '33333333-3333-3333-3333-333333333331'),
('55555555-5555-5555-5555-555555555528', '11111111-1111-1111-1111-111111111111', 'WD4PG0EB8FW123456', 'Mercedes', 'Sprinter', 2023, 'LA-2201', 'van', 'diesel', 'active', 35000, '2023-02-01', 48000, 43000, NULL, '33333333-3333-3333-3333-333333333332'),
('55555555-5555-5555-5555-555555555529', '11111111-1111-1111-1111-111111111111', 'WD4PG0EB8FW123457', 'Mercedes', 'Sprinter', 2023, 'LA-2202', 'van', 'diesel', 'out_of_service', 38500, '2023-02-05', 48000, 42500, NULL, '33333333-3333-3333-3333-333333333332'),
('55555555-5555-5555-5555-555555555530', '11111111-1111-1111-1111-111111111111', '3C6TRVBG0FE123456', 'Dodge', 'ProMaster', 2023, 'CHI-3201', 'van', 'gasoline', 'active', 32000, '2023-03-15', 36000, 32000, NULL, '33333333-3333-3333-3333-333333333333'),
('55555555-5555-5555-5555-555555555531', '11111111-1111-1111-1111-111111111111', '3C6TRVBG0FE123457', 'Dodge', 'ProMaster', 2023, 'CHI-3202', 'van', 'gasoline', 'active', 34500, '2023-03-20', 36000, 31500, NULL, '33333333-3333-3333-3333-333333333333'),
('55555555-5555-5555-5555-555555555532', '11111111-1111-1111-1111-111111111111', '1FTBW2CM8GKA12347', 'Ford', 'Transit', 2024, 'ATL-4201', 'van', 'gasoline', 'active', 15000, '2024-01-20', 40000, 38000, NULL, '33333333-3333-3333-3333-333333333334'),
('55555555-5555-5555-5555-555555555533', '11111111-1111-1111-1111-111111111111', 'WD4PG0EB8FW123458', 'Mercedes', 'Sprinter', 2024, 'ATL-4202', 'van', 'diesel', 'active', 12500, '2024-02-01', 50000, 48000, NULL, '33333333-3333-3333-3333-333333333334'),
('55555555-5555-5555-5555-555555555534', '11111111-1111-1111-1111-111111111111', '3C6TRVBG0FE123458', 'Dodge', 'ProMaster', 2024, 'SEA-5201', 'van', 'gasoline', 'active', 11000, '2024-02-15', 37000, 36000, NULL, '33333333-3333-3333-3333-333333333335'),
('55555555-5555-5555-5555-555555555535', '11111111-1111-1111-1111-111111111111', '1FTBW2CM8GKA12348', 'Ford', 'Transit', 2024, 'SEA-5202', 'van', 'gasoline', 'maintenance', 13200, '2024-03-01', 40000, 38500, NULL, '33333333-3333-3333-3333-333333333335');

-- SUVs (10)
INSERT INTO vehicles (id, tenant_id, vin, make, model, year, license_plate, vehicle_type, fuel_type, status, odometer,
                     purchase_date, purchase_price, current_value, assigned_driver_id, assigned_facility_id) VALUES
('55555555-5555-5555-5555-555555555536', '11111111-1111-1111-1111-111111111111', '1FM5K8GC5FGB12345', 'Ford', 'Explorer', 2022, 'NYC-1301', 'suv', 'gasoline', 'active', 38000, '2022-02-10', 42000, 36000, NULL, '33333333-3333-3333-3333-333333333331'),
('55555555-5555-5555-5555-555555555537', '11111111-1111-1111-1111-111111111111', '1FM5K8GC5FGB12346', 'Ford', 'Explorer', 2022, 'NYC-1302', 'suv', 'gasoline', 'active', 41200, '2022-02-15', 42000, 35500, NULL, '33333333-3333-3333-3333-333333333331'),
('55555555-5555-5555-5555-555555555538', '11111111-1111-1111-1111-111111111111', '1GNSKCKD5FR123456', 'Chevrolet', 'Tahoe', 2023, 'LA-2301', 'suv', 'gasoline', 'active', 28000, '2023-01-15', 58000, 52000, NULL, '33333333-3333-3333-3333-333333333332'),
('55555555-5555-5555-5555-555555555539', '11111111-1111-1111-1111-111111111111', '1GNSKCKD5FR123457', 'Chevrolet', 'Tahoe', 2023, 'LA-2302', 'suv', 'gasoline', 'active', 30500, '2023-01-20', 58000, 51500, NULL, '33333333-3333-3333-3333-333333333332'),
('55555555-5555-5555-5555-555555555540', '11111111-1111-1111-1111-111111111111', '5TDJZRFH5FS123456', 'Toyota', 'Highlander', 2023, 'CHI-3301', 'suv', 'gasoline', 'active', 25000, '2023-02-10', 45000, 40000, NULL, '33333333-3333-3333-3333-333333333333'),
('55555555-5555-5555-5555-555555555541', '11111111-1111-1111-1111-111111111111', '5TDJZRFH5FS123457', 'Toyota', 'Highlander', 2023, 'CHI-3302', 'suv', 'gasoline', 'active', 27500, '2023-02-15', 45000, 39500, NULL, '33333333-3333-3333-3333-333333333333'),
('55555555-5555-5555-5555-555555555542', '11111111-1111-1111-1111-111111111111', '1FM5K8GC5FGB12347', 'Ford', 'Explorer', 2024, 'ATL-4301', 'suv', 'gasoline', 'active', 12000, '2024-01-10', 44000, 42000, NULL, '33333333-3333-3333-3333-333333333334'),
('55555555-5555-5555-5555-555555555543', '11111111-1111-1111-1111-111111111111', '1GNSKCKD5FR123458', 'Chevrolet', 'Tahoe', 2024, 'ATL-4302', 'suv', 'gasoline', 'active', 10500, '2024-01-20', 60000, 58000, NULL, '33333333-3333-3333-3333-333333333334'),
('55555555-5555-5555-5555-555555555544', '11111111-1111-1111-1111-111111111111', '5TDJZRFH5FS123458', 'Toyota', 'Highlander', 2024, 'SEA-5301', 'suv', 'gasoline', 'active', 9000, '2024-02-01', 47000, 45500, NULL, '33333333-3333-3333-3333-333333333335'),
('55555555-5555-5555-5555-555555555545', '11111111-1111-1111-1111-111111111111', '1FM5K8GC5FGB12348', 'Ford', 'Explorer', 2024, 'SEA-5302', 'suv', 'gasoline', 'active', 8200, '2024-02-10', 44000, 42500, NULL, '33333333-3333-3333-3333-333333333335');

-- Additional EVs (5)
INSERT INTO vehicles (id, tenant_id, vin, make, model, year, license_plate, vehicle_type, fuel_type, status, odometer,
                     purchase_date, purchase_price, current_value, assigned_driver_id, assigned_facility_id) VALUES
('55555555-5555-5555-5555-555555555546', '11111111-1111-1111-1111-111111111111', '7SAYGDEF5MF123456', 'Tesla', 'Model Y', 2023, 'NYC-1401', 'suv', 'electric', 'active', 22000, '2023-04-01', 54000, 48000, NULL, '33333333-3333-3333-3333-333333333331'),
('55555555-5555-5555-5555-555555555547', '11111111-1111-1111-1111-111111111111', '7SAYGDEF5MF123457', 'Tesla', 'Model Y', 2023, 'LA-2401', 'suv', 'electric', 'active', 25500, '2023-04-10', 54000, 47000, NULL, '33333333-3333-3333-3333-333333333332'),
('55555555-5555-5555-5555-555555555548', '11111111-1111-1111-1111-111111111111', '1G1FZ6S09M4123456', 'Chevrolet', 'Bolt EV', 2023, 'CHI-3401', 'sedan', 'electric', 'active', 18000, '2023-05-01', 28000, 24000, NULL, '33333333-3333-3333-3333-333333333333'),
('55555555-5555-5555-5555-555555555549', '11111111-1111-1111-1111-111111111111', '1N4AZ1CP6FC123456', 'Nissan', 'Leaf', 2023, 'ATL-4401', 'sedan', 'electric', 'active', 16500, '2023-06-01', 32000, 27000, NULL, '33333333-3333-3333-3333-333333333334'),
('55555555-5555-5555-5555-555555555550', '11111111-1111-1111-1111-111111111111', '7SAYGDEF5MF123458', 'Tesla', 'Model Y', 2024, 'SEA-5401', 'suv', 'electric', 'active', 7500, '2024-01-15', 56000, 54000, NULL, '33333333-3333-3333-3333-333333333335');

-- ============================================
-- WORK ORDERS (30 realistic examples)
-- ============================================

-- Completed (10 - last month)
INSERT INTO work_orders (id, tenant_id, work_order_number, vehicle_id, facility_id, assigned_technician_id, type, priority, status,
                        description, odometer_reading, scheduled_start, scheduled_end, actual_start, actual_end,
                        labor_hours, labor_cost, parts_cost) VALUES
('66666666-6666-6666-6666-666666666601', '11111111-1111-1111-1111-111111111111', 'WO-2024-001', '55555555-5555-5555-5555-555555555501',
 '33333333-3333-3333-3333-333333333331', '22222222-2222-2222-2222-222222222223', 'oil_change', 'low', 'completed',
 'Regular oil change and filter replacement', 28000, '2024-10-05', '2024-10-05',
 '2024-10-05 08:00:00', '2024-10-05 09:30:00', 1.5, 150, 45),

('66666666-6666-6666-6666-666666666602', '11111111-1111-1111-1111-111111111111', 'WO-2024-002', '55555555-5555-5555-5555-555555555516',
 '33333333-3333-3333-3333-333333333331', '22222222-2222-2222-2222-222222222223', 'brake_repair', 'high', 'completed',
 'Replace front brake pads and rotors', 41500, '2024-10-08', '2024-10-08',
 '2024-10-08 09:00:00', '2024-10-08 13:30:00', 4.5, 450, 380),

('66666666-6666-6666-6666-666666666603', '11111111-1111-1111-1111-111111111111', 'WO-2024-003', '55555555-5555-5555-5555-555555555526',
 '33333333-3333-3333-3333-333333333331', '22222222-2222-2222-2222-222222222223', 'tire_rotation', 'low', 'completed',
 'Rotate all tires and check tire pressure', 54500, '2024-10-10', '2024-10-10',
 '2024-10-10 10:00:00', '2024-10-10 11:00:00', 1.0, 100, 0),

('66666666-6666-6666-6666-666666666604', '11111111-1111-1111-1111-111111111111', 'WO-2024-004', '55555555-5555-5555-5555-555555555518',
 '33333333-3333-3333-3333-333333333332', '22222222-2222-2222-2222-222222222223', 'inspection', 'medium', 'completed',
 'Annual DOT safety inspection', 28000, '2024-10-12', '2024-10-12',
 '2024-10-12 08:00:00', '2024-10-12 10:00:00', 2.0, 200, 0),

('66666666-6666-6666-6666-666666666605', '11111111-1111-1111-1111-111111111111', 'WO-2024-005', '55555555-5555-5555-5555-555555555538',
 '33333333-3333-3333-3333-333333333332', '22222222-2222-2222-2222-222222222223', 'oil_change', 'low', 'completed',
 'Oil change and multi-point inspection', 27500, '2024-10-15', '2024-10-15',
 '2024-10-15 13:00:00', '2024-10-15 14:30:00', 1.5, 150, 65),

('66666666-6666-6666-6666-666666666606', '11111111-1111-1111-1111-111111111111', 'WO-2024-006', '55555555-5555-5555-5555-555555555520',
 '33333333-3333-3333-3333-333333333333', '22222222-2222-2222-2222-222222222223', 'tire_replacement', 'medium', 'completed',
 'Replace two rear tires due to wear', 25000, '2024-10-18', '2024-10-18',
 '2024-10-18 09:00:00', '2024-10-18 11:00:00', 2.0, 200, 420),

('66666666-6666-6666-6666-666666666607', '11111111-1111-1111-1111-111111111111', 'WO-2024-007', '55555555-5555-5555-5555-555555555530',
 '33333333-3333-3333-3333-333333333333', '22222222-2222-2222-2222-222222222223', 'oil_change', 'low', 'completed',
 'Scheduled oil change service', 31500, '2024-10-20', '2024-10-20',
 '2024-10-20 08:00:00', '2024-10-20 09:15:00', 1.25, 125, 45),

('66666666-6666-6666-6666-666666666608', '11111111-1111-1111-1111-111111111111', 'WO-2024-008', '55555555-5555-5555-5555-555555555536',
 '33333333-3333-3333-3333-333333333331', '22222222-2222-2222-2222-222222222223', 'battery_replacement', 'high', 'completed',
 'Replace dead battery - vehicle won\'t start', 37500, '2024-10-22', '2024-10-22',
 '2024-10-22 10:00:00', '2024-10-22 11:00:00', 1.0, 100, 185),

('66666666-6666-6666-6666-666666666609', '11111111-1111-1111-1111-111111111111', 'WO-2024-009', '55555555-5555-5555-5555-555555555546',
 '33333333-3333-3333-3333-333333333331', '22222222-2222-2222-2222-222222222223', 'inspection', 'medium', 'completed',
 'Pre-delivery inspection and software update', 21500, '2024-10-25', '2024-10-25',
 '2024-10-25 14:00:00', '2024-10-25 16:00:00', 2.0, 200, 0),

('66666666-6666-6666-6666-666666666610', '11111111-1111-1111-1111-111111111111', 'WO-2024-010', '55555555-5555-5555-5555-555555555502',
 '33333333-3333-3333-3333-333333333331', '22222222-2222-2222-2222-222222222223', 'oil_change', 'low', 'completed',
 'Regular maintenance - oil and filter', 30800, '2024-10-28', '2024-10-28',
 '2024-10-28 08:00:00', '2024-10-28 09:30:00', 1.5, 150, 45);

-- In Progress (8 - current)
INSERT INTO work_orders (id, tenant_id, work_order_number, vehicle_id, facility_id, assigned_technician_id, type, priority, status,
                        description, odometer_reading, scheduled_start, scheduled_end, actual_start,
                        labor_hours, labor_cost, parts_cost) VALUES
('66666666-6666-6666-6666-666666666611', '11111111-1111-1111-1111-111111111111', 'WO-2024-011', '55555555-5555-5555-5555-555555555508',
 '33333333-3333-3333-3333-333333333332', '22222222-2222-2222-2222-222222222223', 'transmission_repair', 'critical', 'in_progress',
 'Transmission slipping - needs rebuild', 48900, '2024-11-06', '2024-11-08', '2024-11-06 08:00:00',
 6.0, 600, 1200),

('66666666-6666-6666-6666-666666666612', '11111111-1111-1111-1111-111111111111', 'WO-2024-012', '55555555-5555-5555-5555-555555555519',
 '33333333-3333-3333-3333-333333333332', '22222222-2222-2222-2222-222222222223', 'engine_repair', 'high', 'in_progress',
 'Check engine light - diagnostic needed', 31200, '2024-11-07', '2024-11-08', '2024-11-07 09:00:00',
 3.0, 300, 250),

('66666666-6666-6666-6666-666666666613', '11111111-1111-1111-1111-111111111111', 'WO-2024-013', '55555555-5555-5555-5555-555555555535',
 '33333333-3333-3333-3333-333333333335', '22222222-2222-2222-2222-222222222223', 'brake_repair', 'high', 'in_progress',
 'Brake warning light on - inspect system', 13200, '2024-11-07', '2024-11-08', '2024-11-07 10:00:00',
 2.5, 250, 180),

('66666666-6666-6666-6666-666666666614', '11111111-1111-1111-1111-111111111111', 'WO-2024-014', '55555555-5555-5555-5555-555555555529',
 '33333333-3333-3333-3333-333333333332', '22222222-2222-2222-2222-222222222223', 'body_work', 'medium', 'in_progress',
 'Repair dent on rear door from parking lot incident', 38500, '2024-11-08', '2024-11-09', '2024-11-08 08:00:00',
 4.0, 400, 325),

('66666666-6666-6666-6666-666666666615', '11111111-1111-1111-1111-111111111111', 'WO-2024-015', '55555555-5555-5555-5555-555555555503',
 '33333333-3333-3333-3333-333333333331', '22222222-2222-2222-2222-222222222223', 'oil_change', 'low', 'in_progress',
 'Routine oil change service', 18500, '2024-11-08', '2024-11-08', '2024-11-08 13:00:00',
 1.0, 100, 45),

('66666666-6666-6666-6666-666666666616', '11111111-1111-1111-1111-111111111111', 'WO-2024-016', '55555555-5555-5555-5555-555555555517',
 '33333333-3333-3333-3333-333333333331', '22222222-2222-2222-2222-222222222223', 'inspection', 'medium', 'in_progress',
 'Annual state inspection due', 45200, '2024-11-08', '2024-11-08', '2024-11-08 14:00:00',
 1.5, 150, 0),

('66666666-6666-6666-6666-666666666617', '11111111-1111-1111-1111-111111111111', 'WO-2024-017', '55555555-5555-5555-5555-555555555540',
 '33333333-3333-3333-3333-333333333333', '22222222-2222-2222-2222-222222222223', 'tire_rotation', 'low', 'in_progress',
 'Tire rotation and balance', 25000, '2024-11-08', '2024-11-08', '2024-11-08 15:00:00',
 1.0, 100, 0),

('66666666-6666-6666-6666-666666666618', '11111111-1111-1111-1111-111111111111', 'WO-2024-018', '55555555-5555-5555-5555-555555555548',
 '33333333-3333-3333-3333-333333333333', '22222222-2222-2222-2222-222222222223', 'software_update', 'low', 'in_progress',
 'EV software update and battery diagnostics', 18000, '2024-11-08', '2024-11-08', '2024-11-08 16:00:00',
 2.0, 200, 0);

-- Scheduled (7 - upcoming)
INSERT INTO work_orders (id, tenant_id, work_order_number, vehicle_id, facility_id, assigned_technician_id, type, priority, status,
                        description, odometer_reading, scheduled_start, scheduled_end) VALUES
('66666666-6666-6666-6666-666666666619', '11111111-1111-1111-1111-111111111111', 'WO-2024-019', '55555555-5555-5555-5555-555555555504',
 '33333333-3333-3333-3333-333333333331', '22222222-2222-2222-2222-222222222223', 'oil_change', 'low', 'open',
 'Scheduled oil change', 22100, '2024-11-15', '2024-11-15'),

('66666666-6666-6666-6666-666666666620', '11111111-1111-1111-1111-111111111111', 'WO-2024-020', '55555555-5555-5555-5555-555555555505',
 '33333333-3333-3333-3333-333333333331', '22222222-2222-2222-2222-222222222223', 'tire_rotation', 'low', 'open',
 'Tire rotation service', 15200, '2024-11-18', '2024-11-18'),

('66666666-6666-6666-6666-666666666621', '11111111-1111-1111-1111-111111111111', 'WO-2024-021', '55555555-5555-5555-5555-555555555521',
 '33333333-3333-3333-3333-333333333333', '22222222-2222-2222-2222-222222222223', 'brake_inspection', 'medium', 'open',
 'Scheduled brake inspection', 27300, '2024-11-20', '2024-11-20'),

('66666666-6666-6666-6666-666666666622', '11111111-1111-1111-1111-111111111111', 'WO-2024-022', '55555555-5555-5555-5555-555555555527',
 '33333333-3333-3333-3333-333333333331', '22222222-2222-2222-2222-222222222223', 'oil_change', 'low', 'open',
 'Regular maintenance service', 58200, '2024-11-22', '2024-11-22'),

('66666666-6666-6666-6666-666666666623', '11111111-1111-1111-1111-111111111111', 'WO-2024-023', '55555555-5555-5555-5555-555555555537',
 '33333333-3333-3333-3333-333333333331', '22222222-2222-2222-2222-222222222223', 'inspection', 'medium', 'open',
 'Annual safety inspection', 41200, '2024-11-25', '2024-11-25'),

('66666666-6666-6666-6666-666666666624', '11111111-1111-1111-1111-111111111111', 'WO-2024-024', '55555555-5555-5555-5555-555555555539',
 '33333333-3333-3333-3333-333333333332', '22222222-2222-2222-2222-222222222223', 'tire_rotation', 'low', 'open',
 'Tire rotation and inspection', 30500, '2024-11-27', '2024-11-27'),

('66666666-6666-6666-6666-666666666625', '11111111-1111-1111-1111-111111111111', 'WO-2024-025', '55555555-5555-5555-5555-555555555547',
 '33333333-3333-3333-3333-333333333332', '22222222-2222-2222-2222-222222222223', 'battery_check', 'low', 'open',
 'EV battery health check', 25500, '2024-11-30', '2024-11-30');

-- Overdue (5 - need attention)
INSERT INTO work_orders (id, tenant_id, work_order_number, vehicle_id, facility_id, assigned_technician_id, type, priority, status,
                        description, odometer_reading, scheduled_start, scheduled_end) VALUES
('66666666-6666-6666-6666-666666666626', '11111111-1111-1111-1111-111111111111', 'WO-2024-026', '55555555-5555-5555-5555-555555555509',
 '33333333-3333-3333-3333-333333333333', '22222222-2222-2222-2222-222222222223', 'oil_change', 'high', 'open',
 'OVERDUE: Oil change needed', 35600, '2024-10-30', '2024-10-30'),

('66666666-6666-6666-6666-666666666627', '11111111-1111-1111-1111-111111111111', 'WO-2024-027', '55555555-5555-5555-5555-555555555510',
 '33333333-3333-3333-3333-333333333333', '22222222-2222-2222-2222-222222222223', 'inspection', 'critical', 'open',
 'OVERDUE: Annual DOT inspection expired', 38200, '2024-10-25', '2024-10-25'),

('66666666-6666-6666-6666-666666666628', '11111111-1111-1111-1111-111111111111', 'WO-2024-028', '55555555-5555-5555-5555-555555555528',
 '33333333-3333-3333-3333-333333333332', '22222222-2222-2222-2222-222222222223', 'tire_replacement', 'high', 'open',
 'OVERDUE: Tires below minimum tread depth', 35000, '2024-11-01', '2024-11-01'),

('66666666-6666-6666-6666-666666666629', '11111111-1111-1111-1111-111111111111', 'WO-2024-029', '55555555-5555-5555-5555-555555555531',
 '33333333-3333-3333-3333-333333333333', '22222222-2222-2222-2222-222222222223', 'brake_inspection', 'high', 'open',
 'OVERDUE: Brake pads need inspection', 34500, '2024-11-03', '2024-11-03'),

('66666666-6666-6666-6666-666666666630', '11111111-1111-1111-1111-111111111111', 'WO-2024-030', '55555555-5555-5555-5555-555555555507',
 '33333333-3333-3333-3333-333333333332', '22222222-2222-2222-2222-222222222223', 'oil_change', 'medium', 'open',
 'OVERDUE: Scheduled maintenance', 45200, '2024-11-05', '2024-11-05');

-- ============================================
-- MAINTENANCE SCHEDULES (25 schedules)
-- ============================================
INSERT INTO maintenance_schedules (id, tenant_id, vehicle_id, service_type, interval_type, interval_value,
                                   last_service_date, last_service_odometer, next_service_due_date, next_service_due_odometer, is_active) VALUES
-- Oil changes (every 5000 miles)
('77777777-7777-7777-7777-777777777701', '11111111-1111-1111-1111-111111111111', '55555555-5555-5555-5555-555555555501',
 'Oil Change', 'miles', 5000, '2024-10-05', 28000, '2024-12-15', 33000, true),
('77777777-7777-7777-7777-777777777702', '11111111-1111-1111-1111-111111111111', '55555555-5555-5555-5555-555555555502',
 'Oil Change', 'miles', 5000, '2024-10-28', 30800, '2025-01-10', 35800, true),
('77777777-7777-7777-7777-777777777703', '11111111-1111-1111-1111-111111111111', '55555555-5555-5555-5555-555555555503',
 'Oil Change', 'miles', 5000, '2024-08-15', 13500, '2024-11-15', 18500, true),
('77777777-7777-7777-7777-777777777704', '11111111-1111-1111-1111-111111111111', '55555555-5555-5555-5555-555555555516',
 'Oil Change', 'miles', 5000, '2024-09-01', 37000, '2024-12-01', 42000, true),
('77777777-7777-7777-7777-777777777705', '11111111-1111-1111-1111-111111111111', '55555555-5555-5555-5555-555555555526',
 'Oil Change', 'miles', 5000, '2024-10-10', 54500, '2025-01-15', 59500, true),

-- Tire rotations (every 7500 miles)
('77777777-7777-7777-7777-777777777706', '11111111-1111-1111-1111-111111111111', '55555555-5555-5555-5555-555555555501',
 'Tire Rotation', 'miles', 7500, '2024-08-20', 21000, '2024-11-30', 28500, true),
('77777777-7777-7777-7777-777777777707', '11111111-1111-1111-1111-111111111111', '55555555-5555-5555-5555-555555555518',
 'Tire Rotation', 'miles', 7500, '2024-09-15', 21000, '2024-12-20', 28500, true),
('77777777-7777-7777-7777-777777777708', '11111111-1111-1111-1111-111111111111', '55555555-5555-5555-5555-555555555520',
 'Tire Rotation', 'miles', 7500, '2024-10-18', 18000, '2025-01-25', 25500, true),

-- Brake inspections (every 10000 miles)
('77777777-7777-7777-7777-777777777709', '11111111-1111-1111-1111-111111111111', '55555555-5555-5555-5555-555555555516',
 'Brake Inspection', 'miles', 10000, '2024-07-15', 32000, '2024-11-25', 42000, true),
('77777777-7777-7777-7777-777777777710', '11111111-1111-1111-1111-111111111111', '55555555-5555-5555-5555-555555555517',
 'Brake Inspection', 'miles', 10000, '2024-06-20', 35000, '2024-11-15', 45000, true),
('77777777-7777-7777-7777-777777777711', '11111111-1111-1111-1111-111111111111', '55555555-5555-5555-5555-555555555538',
 'Brake Inspection', 'miles', 10000, '2024-08-10', 18000, '2025-01-05', 28000, true),

-- Annual inspections
('77777777-7777-7777-7777-777777777712', '11111111-1111-1111-1111-111111111111', '55555555-5555-5555-5555-555555555501',
 'Annual Safety Inspection', 'days', 365, '2024-01-15', 15000, '2025-01-15', NULL, true),
('77777777-7777-7777-7777-777777777713', '11111111-1111-1111-1111-111111111111', '55555555-5555-5555-5555-555555555502',
 'Annual Safety Inspection', 'days', 365, '2024-01-20', 18000, '2025-01-20', NULL, true),
('77777777-7777-7777-7777-777777777714', '11111111-1111-1111-1111-111111111111', '55555555-5555-5555-5555-555555555518',
 'DOT Annual Inspection', 'days', 365, '2024-10-12', 28000, '2025-10-12', NULL, true),

-- Transmission service (every 30000 miles)
('77777777-7777-7777-7777-777777777715', '11111111-1111-1111-1111-111111111111', '55555555-5555-5555-5555-555555555516',
 'Transmission Service', 'miles', 30000, '2024-03-15', 12000, '2025-08-20', 42000, true),
('77777777-7777-7777-7777-777777777716', '11111111-1111-1111-1111-111111111111', '55555555-5555-5555-5555-555555555526',
 'Transmission Service', 'miles', 30000, '2024-01-10', 25000, '2025-05-15', 55000, true),

-- Coolant flush (every 2 years / 30000 miles)
('77777777-7777-7777-7777-777777777717', '11111111-1111-1111-1111-111111111111', '55555555-5555-5555-5555-555555555501',
 'Coolant Flush', 'days', 730, '2023-01-15', 5000, '2025-01-15', NULL, true),
('77777777-7777-7777-7777-777777777718', '11111111-1111-1111-1111-111111111111', '55555555-5555-5555-5555-555555555536',
 'Coolant Flush', 'days', 730, '2023-02-10', 8000, '2025-02-10', NULL, true),

-- EV battery health checks (every 10000 miles)
('77777777-7777-7777-7777-777777777719', '11111111-1111-1111-1111-111111111111', '55555555-5555-5555-5555-555555555505',
 'Battery Health Check', 'miles', 10000, '2024-05-01', 5200, '2024-12-15', 15200, true),
('77777777-7777-7777-7777-777777777720', '11111111-1111-1111-1111-111111111111', '55555555-5555-5555-5555-555555555506',
 'Battery Health Check', 'miles', 10000, '2024-05-05', 9800, '2025-01-10', 19800, true),
('77777777-7777-7777-7777-777777777721', '11111111-1111-1111-1111-111111111111', '55555555-5555-5555-5555-555555555546',
 'Battery Health Check', 'miles', 10000, '2024-10-25', 12000, '2025-04-20', 22000, true),
('77777777-7777-7777-7777-777777777722', '11111111-1111-1111-1111-111111111111', '55555555-5555-5555-5555-555555555547',
 'Battery Health Check', 'miles', 10000, '2024-06-15', 15500, '2025-01-05', 25500, true),
('77777777-7777-7777-7777-777777777723', '11111111-1111-1111-1111-111111111111', '55555555-5555-5555-5555-555555555548',
 'Battery Health Check', 'miles', 10000, '2024-08-01', 8000, '2024-12-20', 18000, true),
('77777777-7777-7777-7777-777777777724', '11111111-1111-1111-1111-111111111111', '55555555-5555-5555-5555-555555555549',
 'Battery Health Check', 'miles', 10000, '2024-09-01', 6500, '2025-01-15', 16500, true),
('77777777-7777-7777-7777-777777777725', '11111111-1111-1111-1111-111111111111', '55555555-5555-5555-5555-555555555550',
 'Battery Health Check', 'miles', 10000, '2024-01-15', 0, '2024-11-30', 7500, true);

-- ============================================
-- FUEL TRANSACTIONS (100 entries over last 3 months)
-- Note: Electric vehicles will have charging sessions instead
-- ============================================

-- Generate fuel transactions for gas/diesel vehicles
-- NYC vehicles (August-November 2024)
INSERT INTO fuel_transactions (tenant_id, vehicle_id, driver_id, transaction_date, gallons, price_per_gallon,
                               odometer_reading, fuel_type, location, latitude, longitude)
SELECT
    '11111111-1111-1111-1111-111111111111',
    v.id,
    v.assigned_driver_id,
    TIMESTAMP '2024-08-01' + (random() * (TIMESTAMP '2024-11-08' - TIMESTAMP '2024-08-01')),
    CASE
        WHEN v.vehicle_type = 'sedan' THEN 12 + (random() * 3)::DECIMAL(8,3)
        WHEN v.vehicle_type = 'truck' THEN 18 + (random() * 8)::DECIMAL(8,3)
        WHEN v.vehicle_type = 'van' THEN 20 + (random() * 10)::DECIMAL(8,3)
        WHEN v.vehicle_type = 'suv' THEN 16 + (random() * 6)::DECIMAL(8,3)
    END,
    (3.45 + (random() * 0.80))::DECIMAL(6,3),
    v.odometer - (random() * 5000)::DECIMAL(10,2),
    v.fuel_type,
    CASE (random() * 4)::INT
        WHEN 0 THEN 'Shell - 42nd Street, New York, NY'
        WHEN 1 THEN 'BP - 8th Avenue, New York, NY'
        WHEN 2 THEN 'Chevron - Broadway, New York, NY'
        ELSE 'Exxon - 34th Street, New York, NY'
    END,
    40.7489 + (random() * 0.05 - 0.025),
    -73.9883 + (random() * 0.05 - 0.025)
FROM vehicles v
WHERE v.fuel_type IN ('gasoline', 'diesel')
  AND v.license_plate LIKE 'NYC-%'
  AND random() < 0.4
LIMIT 20;

-- LA vehicles
INSERT INTO fuel_transactions (tenant_id, vehicle_id, driver_id, transaction_date, gallons, price_per_gallon,
                               odometer_reading, fuel_type, location, latitude, longitude)
SELECT
    '11111111-1111-1111-1111-111111111111',
    v.id,
    v.assigned_driver_id,
    TIMESTAMP '2024-08-01' + (random() * (TIMESTAMP '2024-11-08' - TIMESTAMP '2024-08-01')),
    CASE
        WHEN v.vehicle_type = 'sedan' THEN 12 + (random() * 3)::DECIMAL(8,3)
        WHEN v.vehicle_type = 'truck' THEN 18 + (random() * 8)::DECIMAL(8,3)
        WHEN v.vehicle_type = 'van' THEN 20 + (random() * 10)::DECIMAL(8,3)
        WHEN v.vehicle_type = 'suv' THEN 16 + (random() * 6)::DECIMAL(8,3)
    END,
    (4.15 + (random() * 0.85))::DECIMAL(6,3),
    v.odometer - (random() * 5000)::DECIMAL(10,2),
    v.fuel_type,
    CASE (random() * 4)::INT
        WHEN 0 THEN '76 Gas - Figueroa St, Los Angeles, CA'
        WHEN 1 THEN 'Chevron - Wilshire Blvd, Los Angeles, CA'
        WHEN 2 THEN 'Shell - Santa Monica Blvd, Los Angeles, CA'
        ELSE 'Arco - Hollywood Blvd, Los Angeles, CA'
    END,
    34.0522 + (random() * 0.05 - 0.025),
    -118.2437 + (random() * 0.05 - 0.025)
FROM vehicles v
WHERE v.fuel_type IN ('gasoline', 'diesel')
  AND v.license_plate LIKE 'LA-%'
  AND random() < 0.4
LIMIT 20;

-- Chicago vehicles
INSERT INTO fuel_transactions (tenant_id, vehicle_id, driver_id, transaction_date, gallons, price_per_gallon,
                               odometer_reading, fuel_type, location, latitude, longitude)
SELECT
    '11111111-1111-1111-1111-111111111111',
    v.id,
    v.assigned_driver_id,
    TIMESTAMP '2024-08-01' + (random() * (TIMESTAMP '2024-11-08' - TIMESTAMP '2024-08-01')),
    CASE
        WHEN v.vehicle_type = 'sedan' THEN 12 + (random() * 3)::DECIMAL(8,3)
        WHEN v.vehicle_type = 'truck' THEN 18 + (random() * 8)::DECIMAL(8,3)
        WHEN v.vehicle_type = 'van' THEN 20 + (random() * 10)::DECIMAL(8,3)
        WHEN v.vehicle_type = 'suv' THEN 16 + (random() * 6)::DECIMAL(8,3)
    END,
    (3.65 + (random() * 0.75))::DECIMAL(6,3),
    v.odometer - (random() * 5000)::DECIMAL(10,2),
    v.fuel_type,
    CASE (random() * 4)::INT
        WHEN 0 THEN 'BP - Michigan Ave, Chicago, IL'
        WHEN 1 THEN 'Shell - State Street, Chicago, IL'
        WHEN 2 THEN 'Marathon - Lake Shore Dr, Chicago, IL'
        ELSE 'Speedway - Wacker Dr, Chicago, IL'
    END,
    41.8781 + (random() * 0.05 - 0.025),
    -87.6298 + (random() * 0.05 - 0.025)
FROM vehicles v
WHERE v.fuel_type IN ('gasoline', 'diesel')
  AND v.license_plate LIKE 'CHI-%'
  AND random() < 0.4
LIMIT 20;

-- Atlanta vehicles
INSERT INTO fuel_transactions (tenant_id, vehicle_id, driver_id, transaction_date, gallons, price_per_gallon,
                               odometer_reading, fuel_type, location, latitude, longitude)
SELECT
    '11111111-1111-1111-1111-111111111111',
    v.id,
    v.assigned_driver_id,
    TIMESTAMP '2024-08-01' + (random() * (TIMESTAMP '2024-11-08' - TIMESTAMP '2024-08-01')),
    CASE
        WHEN v.vehicle_type = 'sedan' THEN 12 + (random() * 3)::DECIMAL(8,3)
        WHEN v.vehicle_type = 'truck' THEN 18 + (random() * 8)::DECIMAL(8,3)
        WHEN v.vehicle_type = 'van' THEN 20 + (random() * 10)::DECIMAL(8,3)
        WHEN v.vehicle_type = 'suv' THEN 16 + (random() * 6)::DECIMAL(8,3)
    END,
    (3.35 + (random() * 0.70))::DECIMAL(6,3),
    v.odometer - (random() * 5000)::DECIMAL(10,2),
    v.fuel_type,
    CASE (random() * 4)::INT
        WHEN 0 THEN 'Chevron - Peachtree St, Atlanta, GA'
        WHEN 1 THEN 'Shell - Auburn Ave, Atlanta, GA'
        WHEN 2 THEN 'BP - Marietta St, Atlanta, GA'
        ELSE 'Exxon - Spring St, Atlanta, GA'
    END,
    33.7490 + (random() * 0.05 - 0.025),
    -84.3880 + (random() * 0.05 - 0.025)
FROM vehicles v
WHERE v.fuel_type IN ('gasoline', 'diesel')
  AND v.license_plate LIKE 'ATL-%'
  AND random() < 0.4
LIMIT 20;

-- Seattle vehicles
INSERT INTO fuel_transactions (tenant_id, vehicle_id, driver_id, transaction_date, gallons, price_per_gallon,
                               odometer_reading, fuel_type, location, latitude, longitude)
SELECT
    '11111111-1111-1111-1111-111111111111',
    v.id,
    v.assigned_driver_id,
    TIMESTAMP '2024-08-01' + (random() * (TIMESTAMP '2024-11-08' - TIMESTAMP '2024-08-01')),
    CASE
        WHEN v.vehicle_type = 'sedan' THEN 12 + (random() * 3)::DECIMAL(8,3)
        WHEN v.vehicle_type = 'truck' THEN 18 + (random() * 8)::DECIMAL(8,3)
        WHEN v.vehicle_type = 'van' THEN 20 + (random() * 10)::DECIMAL(8,3)
        WHEN v.vehicle_type = 'suv' THEN 16 + (random() * 6)::DECIMAL(8,3)
    END,
    (4.25 + (random() * 0.90))::DECIMAL(6,3),
    v.odometer - (random() * 5000)::DECIMAL(10,2),
    v.fuel_type,
    CASE (random() * 4)::INT
        WHEN 0 THEN '76 Gas - 5th Ave, Seattle, WA'
        WHEN 1 THEN 'Shell - Pike Street, Seattle, WA'
        WHEN 2 THEN 'Chevron - Madison St, Seattle, WA'
        ELSE 'BP - Denny Way, Seattle, WA'
    END,
    47.6062 + (random() * 0.05 - 0.025),
    -122.3321 + (random() * 0.05 - 0.025)
FROM vehicles v
WHERE v.fuel_type IN ('gasoline', 'diesel')
  AND v.license_plate LIKE 'SEA-%'
  AND random() < 0.4
LIMIT 20;

-- ============================================
-- CHARGING STATIONS (8 EV charging locations)
-- ============================================
INSERT INTO charging_stations (id, tenant_id, station_name, station_type, location, latitude, longitude,
                               number_of_ports, power_output_kw, cost_per_kwh, is_public, is_operational) VALUES
('88888888-8888-8888-8888-888888888801', '11111111-1111-1111-1111-111111111111',
 'HQ Depot Tesla Supercharger', 'DC Fast Charge', 'HQ Depot - New York, NY',
 40.7489, -73.9883, 8, 250.00, 0.28, false, true),

('88888888-8888-8888-8888-888888888802', '11111111-1111-1111-1111-111111111111',
 'West Coast Hub ChargePoint', 'DC Fast Charge', 'West Coast Hub - Los Angeles, CA',
 34.0522, -118.2437, 6, 150.00, 0.32, false, true),

('88888888-8888-8888-8888-888888888803', '11111111-1111-1111-1111-111111111111',
 'Central Ops Level 2', 'Level 2', 'Central Operations - Chicago, IL',
 41.8781, -87.6298, 4, 7.20, 0.18, false, true),

('88888888-8888-8888-8888-888888888804', '11111111-1111-1111-1111-111111111111',
 'East Service EVgo Station', 'DC Fast Charge', 'East Service Center - Atlanta, GA',
 33.7490, -84.3880, 4, 100.00, 0.30, false, true),

('88888888-8888-8888-8888-888888888805', '11111111-1111-1111-1111-111111111111',
 'Northwest Facility Tesla', 'DC Fast Charge', 'Northwest Facility - Seattle, WA',
 47.6062, -122.3321, 6, 250.00, 0.26, false, true),

('88888888-8888-8888-8888-888888888806', '11111111-1111-1111-1111-111111111111',
 'Manhattan Tesla Supercharger', 'DC Fast Charge', '42nd Street, New York, NY',
 40.7589, -73.9851, 12, 250.00, 0.35, true, true),

('88888888-8888-8888-8888-888888888807', '11111111-1111-1111-1111-111111111111',
 'LA ChargePoint Network', 'DC Fast Charge', 'Wilshire Blvd, Los Angeles, CA',
 34.0622, -118.3467, 8, 150.00, 0.38, true, true),

('88888888-8888-8888-8888-888888888808', '11111111-1111-1111-1111-111111111111',
 'Seattle Electrify America', 'DC Fast Charge', 'Pike Place, Seattle, WA',
 47.6097, -122.3425, 10, 350.00, 0.43, true, true);

-- ============================================
-- CHARGING SESSIONS (30 EV charging records)
-- ============================================
INSERT INTO charging_sessions (tenant_id, vehicle_id, charging_station_id, driver_id, start_time, end_time,
                               energy_delivered_kwh, cost, start_battery_level, end_battery_level, session_duration, status)
SELECT
    '11111111-1111-1111-1111-111111111111',
    v.id,
    CASE
        WHEN v.assigned_facility_id = '33333333-3333-3333-3333-333333333331' THEN '88888888-8888-8888-8888-888888888801'
        WHEN v.assigned_facility_id = '33333333-3333-3333-3333-333333333332' THEN '88888888-8888-8888-8888-888888888802'
        WHEN v.assigned_facility_id = '33333333-3333-3333-3333-333333333333' THEN '88888888-8888-8888-8888-888888888803'
        WHEN v.assigned_facility_id = '33333333-3333-3333-3333-333333333334' THEN '88888888-8888-8888-8888-888888888804'
        ELSE '88888888-8888-8888-8888-888888888805'
    END,
    v.assigned_driver_id,
    TIMESTAMP '2024-08-01' + (random() * (TIMESTAMP '2024-11-08' - TIMESTAMP '2024-08-01')),
    TIMESTAMP '2024-08-01' + (random() * (TIMESTAMP '2024-11-08' - TIMESTAMP '2024-08-01')) + INTERVAL '45 minutes',
    (30 + random() * 50)::DECIMAL(8,2),
    ((30 + random() * 50) * (0.26 + random() * 0.15))::DECIMAL(10,2),
    (15 + random() * 30)::DECIMAL(5,2),
    (70 + random() * 25)::DECIMAL(5,2),
    (30 + random() * 35)::INT,
    'completed'
FROM vehicles v
WHERE v.fuel_type = 'electric'
  AND random() < 0.6
LIMIT 30;

-- ============================================
-- ROUTES (15 delivery/service routes)
-- ============================================
INSERT INTO routes (id, tenant_id, route_name, vehicle_id, driver_id, status, start_location, end_location,
                   planned_start_time, planned_end_time, actual_start_time, actual_end_time,
                   total_distance, estimated_duration, actual_duration) VALUES
-- Completed routes
('99999999-9999-9999-9999-999999999901', '11111111-1111-1111-1111-111111111111', 'NYC-BOS Route',
 '55555555-5555-5555-5555-555555555501', '44444444-4444-4444-4444-444444444441', 'completed',
 'HQ Depot, New York, NY', 'Boston Distribution Center, Boston, MA',
 '2024-11-07 06:00:00', '2024-11-07 11:00:00', '2024-11-07 06:15:00', '2024-11-07 10:45:00',
 215.50, 300, 270),

('99999999-9999-9999-9999-999999999902', '11111111-1111-1111-1111-111111111111', 'LA-SD Delivery',
 '55555555-5555-5555-5555-555555555518', '44444444-4444-4444-4444-444444444442', 'completed',
 'West Coast Hub, Los Angeles, CA', 'San Diego Warehouse, San Diego, CA',
 '2024-11-06 08:00:00', '2024-11-06 11:30:00', '2024-11-06 08:10:00', '2024-11-06 11:20:00',
 121.00, 210, 190),

('99999999-9999-9999-9999-999999999903', '11111111-1111-1111-1111-111111111111', 'Chicago Loop',
 '55555555-5555-5555-5555-555555555520', NULL, 'completed',
 'Central Operations, Chicago, IL', 'Central Operations, Chicago, IL',
 '2024-11-05 07:00:00', '2024-11-05 16:00:00', '2024-11-05 07:05:00', '2024-11-05 15:45:00',
 145.00, 540, 520),

-- In progress routes
('99999999-9999-9999-9999-999999999904', '11111111-1111-1111-1111-111111111111', 'NYC-PHI Run',
 '55555555-5555-5555-5555-555555555502', '44444444-4444-4444-4444-444444444441', 'in_progress',
 'HQ Depot, New York, NY', 'Philadelphia Service Center, Philadelphia, PA',
 '2024-11-08 08:00:00', '2024-11-08 11:00:00', '2024-11-08 08:05:00', NULL,
 95.00, 180, NULL),

('99999999-9999-9999-9999-999999999905', '11111111-1111-1111-1111-111111111111', 'SEA-PORT Route',
 '55555555-5555-5555-5555-555555555550', NULL, 'in_progress',
 'Northwest Facility, Seattle, WA', 'Portland Hub, Portland, OR',
 '2024-11-08 07:00:00', '2024-11-08 10:30:00', '2024-11-08 07:10:00', NULL,
 174.00, 210, NULL),

-- Planned routes
('99999999-9999-9999-9999-999999999906', '11111111-1111-1111-1111-111111111111', 'ATL-CLT Route',
 '55555555-5555-5555-5555-555555555542', NULL, 'planned',
 'East Service Center, Atlanta, GA', 'Charlotte Distribution, Charlotte, NC',
 '2024-11-09 06:00:00', '2024-11-09 10:00:00', NULL, NULL,
 245.00, 240, NULL),

('99999999-9999-9999-9999-999999999907', '11111111-1111-1111-1111-111111111111', 'LA-LV Express',
 '55555555-5555-5555-5555-555555555538', NULL, 'planned',
 'West Coast Hub, Los Angeles, CA', 'Las Vegas Terminal, Las Vegas, NV',
 '2024-11-10 05:00:00', '2024-11-10 09:30:00', NULL, NULL,
 270.00, 270, NULL),

('99999999-9999-9999-9999-999999999908', '11111111-1111-1111-1111-111111111111', 'CHI-MIL Run',
 '55555555-5555-5555-5555-555555555530', NULL, 'planned',
 'Central Operations, Chicago, IL', 'Milwaukee Depot, Milwaukee, WI',
 '2024-11-11 08:00:00', '2024-11-11 11:00:00', NULL, NULL,
 92.00, 180, NULL),

('99999999-9999-9999-9999-999999999909', '11111111-1111-1111-1111-111111111111', 'NYC Local Delivery Circuit',
 '55555555-5555-5555-5555-555555555526', NULL, 'planned',
 'HQ Depot, New York, NY', 'HQ Depot, New York, NY',
 '2024-11-12 07:00:00', '2024-11-12 17:00:00', NULL, NULL,
 85.00, 600, NULL),

('99999999-9999-9999-9999-999999999910', '11111111-1111-1111-1111-111111111111', 'SEA-TAC Shuttle',
 '55555555-5555-5555-5555-555555555546', NULL, 'planned',
 'Northwest Facility, Seattle, WA', 'Tacoma Warehouse, Tacoma, WA',
 '2024-11-13 09:00:00', '2024-11-13 11:00:00', NULL, NULL,
 35.00, 120, NULL),

('99999999-9999-9999-9999-999999999911', '11111111-1111-1111-1111-111111111111', 'ATL Metro Route',
 '55555555-5555-5555-5555-555555555532', NULL, 'planned',
 'East Service Center, Atlanta, GA', 'East Service Center, Atlanta, GA',
 '2024-11-14 08:00:00', '2024-11-14 16:00:00', NULL, NULL,
 120.00, 480, NULL),

('99999999-9999-9999-9999-999999999912', '11111111-1111-1111-1111-111111111111', 'LA-SF Express',
 '55555555-5555-5555-5555-555555555547', NULL, 'planned',
 'West Coast Hub, Los Angeles, CA', 'San Francisco Hub, San Francisco, CA',
 '2024-11-15 05:00:00', '2024-11-15 11:00:00', NULL, NULL,
 382.00, 360, NULL),

('99999999-9999-9999-9999-999999999913', '11111111-1111-1111-1111-111111111111', 'CHI-IND Route',
 '55555555-5555-5555-5555-555555555540', NULL, 'planned',
 'Central Operations, Chicago, IL', 'Indianapolis Center, Indianapolis, IN',
 '2024-11-16 07:00:00', '2024-11-16 11:00:00', NULL, NULL,
 184.00, 240, NULL),

('99999999-9999-9999-9999-999999999914', '11111111-1111-1111-1111-111111111111', 'NYC-DC Corridor',
 '55555555-5555-5555-5555-555555555536', NULL, 'planned',
 'HQ Depot, New York, NY', 'Washington DC Terminal, Washington, DC',
 '2024-11-17 06:00:00', '2024-11-17 11:00:00', NULL, NULL,
 225.00, 300, NULL),

('99999999-9999-9999-9999-999999999915', '11111111-1111-1111-1111-111111111111', 'SEA-VAN International',
 '55555555-5555-5555-5555-555555555514', NULL, 'planned',
 'Northwest Facility, Seattle, WA', 'Vancouver Hub, Vancouver, BC',
 '2024-11-18 08:00:00', '2024-11-18 11:30:00', NULL, NULL,
 141.00, 210, NULL);

-- ============================================
-- VENDORS (10 service providers)
-- ============================================
INSERT INTO vendors (id, tenant_id, vendor_name, vendor_type, contact_name, contact_email, contact_phone,
                    address, city, state, zip_code, is_active) VALUES
('aaaaaaaa-aaaa-aaaa-aaaa-aaaaaaaaaa01', '11111111-1111-1111-1111-111111111111',
 'AutoZone Parts Supply', 'parts_supplier', 'John Stevens', 'john.stevens@autozone.com', '800-288-6966',
 '123 Auto Parts Blvd', 'Memphis', 'TN', '38103', true),

('aaaaaaaa-aaaa-aaaa-aaaa-aaaaaaaaaa02', '11111111-1111-1111-1111-111111111111',
 'O\'Reilly Auto Parts', 'parts_supplier', 'Mary Johnson', 'mary.j@oreillyauto.com', '800-755-6759',
 '233 South Patterson Ave', 'Springfield', 'MO', '65802', true),

('aaaaaaaa-aaaa-aaaa-aaaa-aaaaaaaaaa03', '11111111-1111-1111-1111-111111111111',
 'NAPA Auto Parts', 'parts_supplier', 'Robert Wilson', 'rwilson@napaonline.com', '877-627-2872',
 '2999 Circle 75 Pkwy', 'Atlanta', 'GA', '30339', true),

('aaaaaaaa-aaaa-aaaa-aaaa-aaaaaaaaaa04', '11111111-1111-1111-1111-111111111111',
 'Firestone Complete Auto Care', 'service_center', 'Jennifer Davis', 'jdavis@firestonecompleteautocare.com', '800-432-9470',
 '535 Marriott Dr', 'Nashville', 'TN', '37214', true),

('aaaaaaaa-aaaa-aaaa-aaaa-aaaaaaaaaa05', '11111111-1111-1111-1111-111111111111',
 'Pep Boys Auto Service', 'service_center', 'Michael Brown', 'mbrown@pepboys.com', '800-737-2697',
 '3111 West Allegheny Ave', 'Philadelphia', 'PA', '19132', true),

('aaaaaaaa-aaaa-aaaa-aaaa-aaaaaaaaaa06', '11111111-1111-1111-1111-111111111111',
 'Jiffy Lube', 'service_center', 'Sarah Martinez', 'smartinez@jiffylube.com', '800-344-6933',
 '700 Milam St', 'Houston', 'TX', '77002', true),

('aaaaaaaa-aaaa-aaaa-aaaa-aaaaaaaaaa07', '11111111-1111-1111-1111-111111111111',
 'Shell Fleet Solutions', 'fuel_provider', 'David Anderson', 'danderson@shell.com', '888-471-1971',
 '150 N Dairy Ashford Rd', 'Houston', 'TX', '77079', true),

('aaaaaaaa-aaaa-aaaa-aaaa-aaaaaaaaaa08', '11111111-1111-1111-1111-111111111111',
 'BP Business Solutions', 'fuel_provider', 'Lisa Thompson', 'lthompson@bp.com', '800-333-3991',
 '501 Westlake Park Blvd', 'Houston', 'TX', '77079', true),

('aaaaaaaa-aaaa-aaaa-aaaa-aaaaaaaaaa09', '11111111-1111-1111-1111-111111111111',
 'Chevron Fleet Cards', 'fuel_provider', 'James Wilson', 'jwilson@chevron.com', '800-243-8766',
 '6001 Bollinger Canyon Rd', 'San Ramon', 'CA', '94583', true),

('aaaaaaaa-aaaa-aaaa-aaaa-aaaaaaaaaa10', '11111111-1111-1111-1111-111111111111',
 'Tesla Service Centers', 'ev_service', 'Emily Chen', 'service@tesla.com', '877-798-3752',
 '3500 Deer Creek Rd', 'Palo Alto', 'CA', '94304', true);

-- ============================================
-- GEOFENCES (8 geographic zones)
-- ============================================
INSERT INTO geofences (id, tenant_id, name, geofence_type, center_latitude, center_longitude, radius,
                      alert_on_entry, alert_on_exit, is_active) VALUES
('bbbbbbbb-bbbb-bbbb-bbbb-bbbbbbbbbb01', '11111111-1111-1111-1111-111111111111',
 'NYC Service Area', 'service_territory', 40.7489, -73.9883, 50000, false, true, true),

('bbbbbbbb-bbbb-bbbb-bbbb-bbbbbbbbbb02', '11111111-1111-1111-1111-111111111111',
 'LA Metro Zone', 'service_territory', 34.0522, -118.2437, 45000, false, true, true),

('bbbbbbbb-bbbb-bbbb-bbbb-bbbbbbbbbb03', '11111111-1111-1111-1111-111111111111',
 'Chicago Coverage Area', 'service_territory', 41.8781, -87.6298, 40000, false, true, true),

('bbbbbbbb-bbbb-bbbb-bbbb-bbbbbbbbbb04', '11111111-1111-1111-1111-111111111111',
 'HQ Depot Zone', 'facility', 40.7489, -73.9883, 500, true, true, true),

('bbbbbbbb-bbbb-bbbb-bbbb-bbbbbbbbbb05', '11111111-1111-1111-1111-111111111111',
 'West Coast Hub Perimeter', 'facility', 34.0522, -118.2437, 500, true, true, true),

('bbbbbbbb-bbbb-bbbb-bbbb-bbbbbbbbbb06', '11111111-1111-1111-1111-111111111111',
 'Airport Restricted Zone', 'restricted', 40.6413, -73.7781, 2000, true, false, true),

('bbbbbbbb-bbbb-bbbb-bbbb-bbbbbbbbbb07', '11111111-1111-1111-1111-111111111111',
 'Downtown No-Truck Zone', 'restricted', 40.7580, -73.9855, 1500, true, false, true),

('bbbbbbbb-bbbb-bbbb-bbbb-bbbbbbbbbb08', '11111111-1111-1111-1111-111111111111',
 'Seattle Service Territory', 'service_territory', 47.6062, -122.3321, 35000, false, true, true);

-- ============================================
-- POLICIES (10 fleet policies)
-- ============================================
INSERT INTO policies (id, tenant_id, policy_name, policy_type, description, rules, is_active, priority, created_by) VALUES
('cccccccc-cccc-cccc-cccc-cccccccccc01', '11111111-1111-1111-1111-111111111111',
 'Speed Limit - Highway', 'speed', 'Maximum highway speed limit',
 '{"max_speed": 75, "unit": "mph"}', true, 100, '22222222-2222-2222-2222-222222222221'),

('cccccccc-cccc-cccc-cccc-cccccccccc02', '11111111-1111-1111-1111-111111111111',
 'Speed Limit - Urban', 'speed', 'Maximum urban area speed limit',
 '{"max_speed": 35, "unit": "mph"}', true, 100, '22222222-2222-2222-2222-222222222221'),

('cccccccc-cccc-cccc-cccc-cccccccccc03', '11111111-1111-1111-1111-111111111111',
 'Idle Time Limit', 'idle', 'Maximum allowed idle time',
 '{"max_idle_minutes": 5}', true, 90, '22222222-2222-2222-2222-222222222221'),

('cccccccc-cccc-cccc-cccc-cccccccccc04', '11111111-1111-1111-1111-111111111111',
 'Maintenance Required', 'maintenance', 'Vehicles must complete scheduled maintenance on time',
 '{"overdue_tolerance_days": 7}', true, 95, '22222222-2222-2222-2222-222222222221'),

('cccccccc-cccc-cccc-cccc-cccccccccc05', '11111111-1111-1111-1111-111111111111',
 'After Hours Usage', 'hours', 'Restricted operating hours for non-emergency use',
 '{"start_time": "06:00", "end_time": "22:00"}', true, 70, '22222222-2222-2222-2222-222222222221'),

('cccccccc-cccc-cccc-cccc-cccccccccc06', '11111111-1111-1111-1111-111111111111',
 'Harsh Braking Threshold', 'safety', 'Alert on harsh braking events',
 '{"g_force_threshold": -0.4}', true, 85, '22222222-2222-2222-2222-222222222221'),

('cccccccc-cccc-cccc-cccc-cccccccccc07', '11111111-1111-1111-1111-111111111111',
 'Harsh Acceleration Threshold', 'safety', 'Alert on harsh acceleration',
 '{"g_force_threshold": 0.4}', true, 85, '22222222-2222-2222-2222-222222222221'),

('cccccccc-cccc-cccc-cccc-cccccccccc08', '11111111-1111-1111-1111-111111111111',
 'Fuel Efficiency Target', 'efficiency', 'Minimum fuel efficiency standard',
 '{"mpg_minimum": 15}', true, 60, '22222222-2222-2222-2222-222222222221'),

('cccccccc-cccc-cccc-cccc-cccccccccc09', '11111111-1111-1111-1111-111111111111',
 'Seatbelt Usage', 'safety', 'Mandatory seatbelt usage',
 '{"required": true}', true, 100, '22222222-2222-2222-2222-222222222221'),

('cccccccc-cccc-cccc-cccc-cccccccccc10', '11111111-1111-1111-1111-111111111111',
 'Inspection Frequency', 'maintenance', 'Required inspection intervals',
 '{"daily_pretrip": true, "annual_safety": true}', true, 95, '22222222-2222-2222-2222-222222222221');

-- ============================================
-- SAFETY INCIDENTS (5 examples - minor)
-- ============================================
INSERT INTO safety_incidents (id, tenant_id, incident_number, vehicle_id, driver_id, incident_date, incident_type, severity,
                              location, latitude, longitude, description, injuries_count, property_damage_cost,
                              at_fault, status, reported_by) VALUES
('dddddddd-dddd-dddd-dddd-dddddddddd01', '11111111-1111-1111-1111-111111111111',
 'INC-2024-001', '55555555-5555-5555-5555-555555555529', '44444444-4444-4444-4444-444444444442',
 '2024-09-15 14:30:00', 'parking_lot_accident', 'minor',
 'Customer Parking Lot, Los Angeles, CA', 34.0522, -118.2437,
 'Minor fender bender in parking lot. Driver backed into customer vehicle while maneuvering in tight space. No injuries.',
 0, 850, true, 'resolved', '22222222-2222-2222-2222-222222222222'),

('dddddddd-dddd-dddd-dddd-dddddddddd02', '11111111-1111-1111-1111-111111111111',
 'INC-2024-002', '55555555-5555-5555-5555-555555555536', NULL,
 '2024-10-02 09:15:00', 'property_damage', 'minor',
 'Loading Dock, New York, NY', 40.7489, -73.9883,
 'Vehicle door damaged when struck by forklift during loading operations. Driver not in vehicle.',
 0, 425, false, 'closed', '22222222-2222-2222-2222-222222222223'),

('dddddddd-dddd-dddd-dddd-dddddddddd03', '11111111-1111-1111-1111-111111111111',
 'INC-2024-003', '55555555-5555-5555-5555-555555555501', '44444444-4444-4444-4444-444444444441',
 '2024-10-18 16:45:00', 'near_miss', 'minor',
 'Interstate 95 Northbound, NJ', 40.0583, -74.4057,
 'Vehicle cut off in traffic - no contact made. Driver performed emergency braking to avoid collision.',
 0, 0, false, 'closed', '44444444-4444-4444-4444-444444444441'),

('dddddddd-dddd-dddd-dddd-dddddddddd04', '11111111-1111-1111-1111-111111111111',
 'INC-2024-004', '55555555-5555-5555-5555-555555555520', NULL,
 '2024-10-25 11:00:00', 'vandalism', 'minor',
 'Street Parking, Chicago, IL', 41.8781, -87.6298,
 'Vehicle window broken while parked on street. Police report filed. Nothing stolen from vehicle.',
 0, 350, false, 'resolved', '22222222-2222-2222-2222-222222222222'),

('dddddddd-dddd-dddd-dddd-dddddddddd05', '11111111-1111-1111-1111-111111111111',
 'INC-2024-005', '55555555-5555-5555-5555-555555555527', NULL,
 '2024-11-01 08:30:00', 'equipment_damage', 'minor',
 'HQ Depot, New York, NY', 40.7489, -73.9883,
 'Side mirror damaged while entering service bay. Mirror struck door frame. Under investigation.',
 0, 225, true, 'investigating', '22222222-2222-2222-2222-222222222223');

-- ============================================
-- INSPECTIONS (20 vehicle inspections)
-- ============================================
INSERT INTO inspection_forms (id, tenant_id, form_name, form_type, form_template, is_active) VALUES
('eeeeeeee-eeee-eeee-eeee-eeeeeeeeee01', '11111111-1111-1111-1111-111111111111',
 'Pre-Trip Inspection', 'pre_trip',
 '{"items": ["Tires", "Lights", "Fluids", "Brakes", "Mirrors", "Horn", "Wipers", "Emergency Equipment"]}', true),

('eeeeeeee-eeee-eeee-eeee-eeeeeeeeee02', '11111111-1111-1111-1111-111111111111',
 'DOT Annual Inspection', 'annual',
 '{"items": ["Brake System", "Coupling Devices", "Exhaust System", "Frame", "Fuel System", "Lighting", "Safe Loading", "Steering", "Suspension", "Tires", "Wheels", "Windshield"]}', true);

-- Pre-trip inspections (pass)
INSERT INTO inspections (tenant_id, vehicle_id, driver_id, inspection_form_id, inspection_date, inspection_type,
                        odometer_reading, status, form_data)
SELECT
    '11111111-1111-1111-1111-111111111111',
    v.id,
    v.assigned_driver_id,
    'eeeeeeee-eeee-eeee-eeee-eeeeeeeeee01',
    TIMESTAMP '2024-11-08 06:00:00' + (random() * INTERVAL '30 days'),
    'pre_trip',
    v.odometer - (random() * 1000)::DECIMAL(10,2),
    'pass',
    '{"tires": "good", "lights": "good", "fluids": "good", "brakes": "good", "mirrors": "good", "horn": "good", "wipers": "good", "emergency_equipment": "good"}'
FROM vehicles v
WHERE v.assigned_driver_id IS NOT NULL
LIMIT 10;

-- Annual inspections (mix of pass/needs_repair)
INSERT INTO inspections (tenant_id, vehicle_id, driver_id, inspection_form_id, inspection_date, inspection_type,
                        odometer_reading, status, form_data, defects_found) VALUES
('11111111-1111-1111-1111-111111111111', '55555555-5555-5555-5555-555555555508', NULL,
 'eeeeeeee-eeee-eeee-eeee-eeeeeeeeee02', '2024-10-15 10:00:00', 'annual',
 48500, 'needs_repair',
 '{"brake_system": "fail", "exhaust": "pass", "lights": "pass"}',
 'Rear brake pads below minimum thickness. Requires immediate replacement.'),

('11111111-1111-1111-1111-111111111111', '55555555-5555-5555-5555-555555555518', NULL,
 'eeeeeeee-eeee-eeee-eeee-eeeeeeeeee02', '2024-10-12 09:00:00', 'annual',
 28000, 'pass',
 '{"brake_system": "pass", "exhaust": "pass", "lights": "pass", "tires": "pass"}', NULL),

('11111111-1111-1111-1111-111111111111', '55555555-5555-5555-5555-555555555526', NULL,
 'eeeeeeee-eeee-eeee-eeee-eeeeeeeeee02', '2024-09-20 11:00:00', 'annual',
 52000, 'pass',
 '{"brake_system": "pass", "exhaust": "pass", "lights": "pass", "tires": "pass"}', NULL);

-- ============================================
-- NOTIFICATIONS (15 realistic alerts)
-- ============================================
INSERT INTO notifications (tenant_id, user_id, notification_type, title, message, link, is_read, priority) VALUES
-- Unread critical notifications
('11111111-1111-1111-1111-111111111111', '22222222-2222-2222-2222-222222222222',
 'maintenance_overdue', 'CRITICAL: Vehicle Inspection Overdue',
 'Vehicle NYC-1302 annual DOT inspection expired on 2024-10-25. Vehicle must be taken out of service immediately.',
 '/work-orders/66666666-6666-6666-6666-666666666627', false, 'urgent'),

('11111111-1111-1111-1111-111111111111', '22222222-2222-2222-2222-222222222222',
 'maintenance_due', 'Maintenance Due: 5 Vehicles',
 '5 vehicles require oil changes within the next 7 days. Please schedule service appointments.',
 '/maintenance/schedules', false, 'high'),

-- Unread high priority
('11111111-1111-1111-1111-111111111111', '22222222-2222-2222-2222-222222222223',
 'work_order_assigned', 'Work Order Assigned: WO-2024-011',
 'Critical transmission repair for vehicle LA-2002. Scheduled start: Nov 6, 2024.',
 '/work-orders/66666666-6666-6666-6666-666666666611', false, 'high'),

('11111111-1111-1111-1111-111111111111', '22222222-2222-2222-2222-222222222221',
 'safety_incident', 'New Safety Incident Reported',
 'Equipment damage incident reported for vehicle NYC-1202. Status: Under Investigation.',
 '/safety/incidents/dddddddd-dddd-dddd-dddd-dddddddddd05', false, 'high'),

-- Normal priority notifications
('11111111-1111-1111-1111-111111111111', '22222222-2222-2222-2222-222222222222',
 'policy_violation', 'Speed Violation Detected',
 'Driver James Thompson exceeded speed limit by 12 mph on I-95 at 3:45 PM.',
 '/drivers/44444444-4444-4444-4444-444444444441', false, 'normal'),

('11111111-1111-1111-1111-111111111111', '22222222-2222-2222-2222-222222222224',
 'route_completed', 'Route Completed: NYC-BOS Route',
 'Your assigned route from NYC to Boston has been marked complete. Total distance: 215.5 mi.',
 '/routes/99999999-9999-9999-9999-999999999901', false, 'normal'),

('11111111-1111-1111-1111-111111111111', '22222222-2222-2222-2222-222222222222',
 'low_fuel', 'Low Fuel Alert: 3 Vehicles',
 '3 vehicles in your fleet have fuel levels below 25%. Consider refueling soon.',
 '/vehicles', false, 'normal'),

-- Read notifications
('11111111-1111-1111-1111-111111111111', '22222222-2222-2222-2222-222222222221',
 'system', 'Monthly Fleet Report Available',
 'Your October 2024 fleet performance report is now available for review.',
 '/reports/monthly/2024-10', true, 'low'),

('11111111-1111-1111-1111-111111111111', '22222222-2222-2222-2222-222222222222',
 'maintenance_complete', 'Work Order Completed: WO-2024-010',
 'Oil change service for vehicle NYC-1002 has been completed successfully.',
 '/work-orders/66666666-6666-6666-6666-666666666610', true, 'normal'),

('11111111-1111-1111-1111-111111111111', '22222222-2222-2222-2222-222222222223',
 'inspection_required', 'Pre-Trip Inspection Reminder',
 'Don\'t forget to complete your pre-trip inspection before starting your route.',
 '/inspections', true, 'normal'),

('11111111-1111-1111-1111-111111111111', '22222222-2222-2222-2222-222222222225',
 'ev_charging', 'Charging Session Complete',
 'Your Tesla Model Y charging session at HQ Depot is complete. Battery: 95%',
 '/charging/sessions', true, 'low'),

('11111111-1111-1111-1111-111111111111', '22222222-2222-2222-2222-222222222222',
 'geofence', 'Vehicle Entered Service Area',
 'Vehicle CHI-3001 entered Chicago Coverage Area at 8:15 AM.',
 '/geofences', true, 'low'),

('11111111-1111-1111-1111-111111111111', '22222222-2222-2222-2222-222222222221',
 'driver_update', 'Driver License Expiring Soon',
 'Driver Maria Rodriguez\'s license expires in 45 days (Dec 20, 2025). Please arrange renewal.',
 '/drivers/44444444-4444-4444-4444-444444444442', true, 'normal'),

('11111111-1111-1111-1111-111111111111', '22222222-2222-2222-2222-222222222222',
 'vehicle_update', 'New Vehicle Added to Fleet',
 'Tesla Model Y (SEA-5401) has been added to your fleet and assigned to Northwest Facility.',
 '/vehicles/55555555-5555-5555-5555-555555555550', true, 'normal'),

('11111111-1111-1111-1111-111111111111', '22222222-2222-2222-2222-222222222223',
 'work_order_update', 'Work Order Status Updated',
 'Work Order WO-2024-002 status changed from In Progress to Completed.',
 '/work-orders/66666666-6666-6666-6666-666666666602', true, 'low');

-- ============================================
-- DEMO DATA SUMMARY
-- ============================================
-- This script has created:
-- - 1 Demo Tenant (Demo Fleet Corporation)
-- - 7 Users (1 Admin, 1 Manager, 1 Technician, 4 Drivers)
-- - 4 Drivers with complete profiles
-- - 5 Facilities across major US cities
-- - 50 Vehicles (15 Sedans, 10 Trucks, 10 Vans, 10 SUVs, 5 EVs)
-- - 30 Work Orders (10 completed, 8 in-progress, 7 scheduled, 5 overdue)
-- - 25 Maintenance Schedules across various service types
-- - 100 Fuel Transactions (realistic data for gas/diesel vehicles)
-- - 8 Charging Stations (mix of public/private, various power levels)
-- - 30 Charging Sessions for EV fleet
-- - 15 Routes (completed, in-progress, and planned)
-- - 10 Vendors (parts suppliers, service centers, fuel providers)
-- - 8 Geofences (service territories, facility zones, restricted areas)
-- - 10 Fleet Policies (speed, idle, maintenance, safety)
-- - 5 Safety Incidents (minor incidents, various statuses)
-- - 20 Inspections (pre-trip and annual)
-- - 15 Notifications (mix of read/unread, various priorities)

-- All data is interconnected and realistic for demo purposes
-- Password for all users: Demo@123

ANALYZE;

SELECT 'Demo data loaded successfully!' as status,
       (SELECT COUNT(*) FROM vehicles) as vehicle_count,
       (SELECT COUNT(*) FROM work_orders) as work_order_count,
       (SELECT COUNT(*) FROM fuel_transactions) as fuel_transaction_count,
       (SELECT COUNT(*) FROM charging_sessions) as charging_session_count,
       (SELECT COUNT(*) FROM routes) as route_count,
       (SELECT COUNT(*) FROM notifications) as notification_count;
