-- ============================================================================
-- Fleet CTA — 10-Vehicle Fully-Populated Demo Seed
-- ============================================================================
-- Idempotent: DELETE all dev tenant data, then INSERT fresh.
-- Run:  psql -d fleet_db -f api/src/db/seeds/seed-demo-10.sql
-- Then: redis-cli FLUSHDB && cd api && npm run dev
-- ============================================================================

BEGIN;

SET app.current_tenant_id = '12345678-1234-1234-1234-123456789012';

-- ============================================================================
-- 0. CLEANUP — disable FK checks, delete all dev tenant data, re-enable
-- ============================================================================
-- Temporarily bypass FK constraints during cleanup (PostgreSQL session-level)
SET session_replication_role = 'replica';

ALTER TABLE documents DISABLE TRIGGER ALL;

-- Delete from ALL seeded tables (order doesn't matter with FKs disabled)
DELETE FROM notifications          WHERE tenant_id = '12345678-1234-1234-1234-123456789012';
DELETE FROM budgets                WHERE tenant_id = '12345678-1234-1234-1234-123456789012';
DELETE FROM reservations           WHERE tenant_id = '12345678-1234-1234-1234-123456789012';
DELETE FROM cost_analysis          WHERE tenant_id = '12345678-1234-1234-1234-123456789012';
DELETE FROM schedules              WHERE tenant_id = '12345678-1234-1234-1234-123456789012';
DELETE FROM vehicle_history        WHERE tenant_id = '12345678-1234-1234-1234-123456789012';
DELETE FROM driver_hos_logs        WHERE tenant_id = '12345678-1234-1234-1234-123456789012';
DELETE FROM driver_scores_history  WHERE tenant_id = '12345678-1234-1234-1234-123456789012';
DELETE FROM driver_scorecards      WHERE tenant_id = '12345678-1234-1234-1234-123456789012';
DELETE FROM announcements          WHERE tenant_id = '12345678-1234-1234-1234-123456789012';
DELETE FROM policy_acknowledgments WHERE tenant_id = '12345678-1234-1234-1234-123456789012';
DELETE FROM policy_violations      WHERE tenant_id = '12345678-1234-1234-1234-123456789012';
DELETE FROM policy_compliance_audits WHERE tenant_id = '12345678-1234-1234-1234-123456789012';
DELETE FROM policy_executions      WHERE tenant_id = '12345678-1234-1234-1234-123456789012';
DELETE FROM policy_templates       WHERE tenant_id = '12345678-1234-1234-1234-123456789012';
DELETE FROM training_progress      WHERE tenant_id = '12345678-1234-1234-1234-123456789012';
DELETE FROM training_courses       WHERE tenant_id = '12345678-1234-1234-1234-123456789012';
DELETE FROM certifications         WHERE tenant_id = '12345678-1234-1234-1234-123456789012';
DELETE FROM compliance_records     WHERE tenant_id = '12345678-1234-1234-1234-123456789012';
DELETE FROM compliance_requirements WHERE tenant_id = '12345678-1234-1234-1234-123456789012';
DELETE FROM documents              WHERE tenant_id = '12345678-1234-1234-1234-123456789012';
DELETE FROM purchase_orders        WHERE tenant_id = '12345678-1234-1234-1234-123456789012';
DELETE FROM parts_inventory        WHERE tenant_id = '12345678-1234-1234-1234-123456789012';
DELETE FROM vendors                WHERE tenant_id = '12345678-1234-1234-1234-123456789012';
DELETE FROM charging_sessions      WHERE tenant_id = '12345678-1234-1234-1234-123456789012';
DELETE FROM charging_stations      WHERE tenant_id = '12345678-1234-1234-1234-123456789012';
DELETE FROM inspections            WHERE tenant_id = '12345678-1234-1234-1234-123456789012';
DELETE FROM tasks                  WHERE tenant_id = '12345678-1234-1234-1234-123456789012';
DELETE FROM incidents              WHERE tenant_id = '12345678-1234-1234-1234-123456789012';
DELETE FROM maintenance_schedules  WHERE tenant_id = '12345678-1234-1234-1234-123456789012';
DELETE FROM fuel_transactions      WHERE tenant_id = '12345678-1234-1234-1234-123456789012';
DELETE FROM work_orders            WHERE tenant_id = '12345678-1234-1234-1234-123456789012';
DELETE FROM dispatch_channels      WHERE tenant_id = '12345678-1234-1234-1234-123456789012';
DELETE FROM dispatch_channels      WHERE tenant_id IS NULL;
DELETE FROM policy_templates      WHERE tenant_id = '12345678-1234-1234-1234-123456789012';
DELETE FROM policy_templates      WHERE tenant_id IS NULL;
DELETE FROM dispatches             WHERE tenant_id = '12345678-1234-1234-1234-123456789012';
DELETE FROM routes                 WHERE tenant_id = '12345678-1234-1234-1234-123456789012';
DELETE FROM geofences              WHERE tenant_id = '12345678-1234-1234-1234-123456789012';
DELETE FROM vehicle_assignments    WHERE tenant_id = '12345678-1234-1234-1234-123456789012';
DELETE FROM vehicles               WHERE tenant_id = '12345678-1234-1234-1234-123456789012';
DELETE FROM drivers                WHERE tenant_id = '12345678-1234-1234-1234-123456789012';
DELETE FROM facilities             WHERE tenant_id = '12345678-1234-1234-1234-123456789012';
DELETE FROM users                  WHERE tenant_id = '12345678-1234-1234-1234-123456789012';
DELETE FROM tenants                WHERE id = '12345678-1234-1234-1234-123456789012';

-- Re-enable FK constraint checking
SET session_replication_role = 'origin';

-- ============================================================================
-- 1. TENANT
-- ============================================================================
INSERT INTO tenants (id, name, slug, is_active, settings)
VALUES (
  '12345678-1234-1234-1234-123456789012',
  'CTA Fleet Demo',
  'cta-fleet-demo',
  true,
  '{"features": ["fleet", "safety", "compliance", "fuel", "maintenance", "ev_charging", "documents"]}'::jsonb
);

-- ============================================================================
-- 2. USERS — 3 admins + 10 driver-users = 13
-- ============================================================================
INSERT INTO users (id, tenant_id, email, first_name, last_name, role, is_active) VALUES
-- Admins
('00000000-0000-0000-0000-000000000001', '12345678-1234-1234-1234-123456789012', 'admin@ctafleet.com',    'System',    'Admin',      'SuperAdmin', true),
('00000000-0000-0000-0000-000000000002', '12345678-1234-1234-1234-123456789012', 'manager@ctafleet.com',  'Fleet',     'Manager',    'Admin',      true),
('00000000-0000-0000-0000-000000000003', '12345678-1234-1234-1234-123456789012', 'ops@ctafleet.com',      'Operations','Lead',       'Manager',    true),
-- Driver users
('10000000-0000-0000-0000-000000000001', '12345678-1234-1234-1234-123456789012', 'james.brown@ctafleet.com',      'James',     'Brown',      'Driver', true),
('10000000-0000-0000-0000-000000000002', '12345678-1234-1234-1234-123456789012', 'maria.rodriguez@ctafleet.com',  'Maria',     'Rodriguez',  'Driver', true),
('10000000-0000-0000-0000-000000000003', '12345678-1234-1234-1234-123456789012', 'william.jones@ctafleet.com',    'William',   'Jones',      'Driver', true),
('10000000-0000-0000-0000-000000000004', '12345678-1234-1234-1234-123456789012', 'patricia.martinez@ctafleet.com','Patricia',  'Martinez',   'Driver', true),
('10000000-0000-0000-0000-000000000005', '12345678-1234-1234-1234-123456789012', 'michael.anderson@ctafleet.com', 'Michael',   'Anderson',   'Driver', true),
('10000000-0000-0000-0000-000000000006', '12345678-1234-1234-1234-123456789012', 'linda.taylor@ctafleet.com',     'Linda',     'Taylor',     'Driver', true),
('10000000-0000-0000-0000-000000000007', '12345678-1234-1234-1234-123456789012', 'charles.thomas@ctafleet.com',   'Charles',   'Thomas',     'Driver', true),
('10000000-0000-0000-0000-000000000008', '12345678-1234-1234-1234-123456789012', 'elizabeth.jackson@ctafleet.com','Elizabeth', 'Jackson',    'Driver', true),
('10000000-0000-0000-0000-000000000009', '12345678-1234-1234-1234-123456789012', 'daniel.white@ctafleet.com',     'Daniel',    'White',      'Driver', true),
('10000000-0000-0000-0000-000000000010', '12345678-1234-1234-1234-123456789012', 'barbara.harris@ctafleet.com',   'Barbara',   'Harris',     'Driver', true);

-- ============================================================================
-- 3. FACILITIES — 6 locations in Tallahassee metro
-- ============================================================================
INSERT INTO facilities (id, tenant_id, name, code, type, address, city, state, zip_code, latitude, longitude, contact_phone, capacity, is_active) VALUES
('20000000-0000-0000-0000-000000000001', '12345678-1234-1234-1234-123456789012', 'CTA Fleet HQ',             'FAC-HQ',  'headquarters', '1234 Capital Circle NE',  'Tallahassee', 'FL', '32308', 30.4551, -84.2534, '(850) 555-0100', 50, true),
('20000000-0000-0000-0000-000000000002', '12345678-1234-1234-1234-123456789012', 'North Maintenance Yard',   'FAC-NMY', 'maintenance',  '789 Thomasville Rd',      'Tallahassee', 'FL', '32303', 30.4801, -84.2802, '(850) 555-0200', 20, true),
('20000000-0000-0000-0000-000000000003', '12345678-1234-1234-1234-123456789012', 'Southside Depot',          'FAC-SSD', 'depot',        '456 S Monroe St',         'Tallahassee', 'FL', '32301', 30.4283, -84.2808, '(850) 555-0300', 15, true),
('20000000-0000-0000-0000-000000000004', '12345678-1234-1234-1234-123456789012', 'Airport Satellite',        'FAC-AIR', 'satellite',    '3300 Capital Circle SW',  'Tallahassee', 'FL', '32310', 30.3965, -84.3503, '(850) 555-0400', 10, true),
('20000000-0000-0000-0000-000000000005', '12345678-1234-1234-1234-123456789012', 'EV Charging Hub',          'FAC-EVC', 'charging',     '2020 W Tennessee St',     'Tallahassee', 'FL', '32304', 30.4425, -84.3105, '(850) 555-0500', 8,  true),
('20000000-0000-0000-0000-000000000006', '12345678-1234-1234-1234-123456789012', 'East Storage Lot',         'FAC-ESL', 'storage',      '1500 Mahan Dr',           'Tallahassee', 'FL', '32308', 30.4380, -84.2350, '(850) 555-0600', 25, true);

-- ============================================================================
-- 4. DRIVERS — 10 drivers, 1:1 with vehicles
-- ============================================================================
INSERT INTO drivers (id, tenant_id, user_id, first_name, last_name, email, phone, employee_number, license_number, license_state, license_expiry_date, cdl, cdl_class, status, hire_date, performance_score, department, safety_score, hos_status, hours_available, cycle_hours_used) VALUES
('30000000-0000-0000-0000-000000000001', '12345678-1234-1234-1234-123456789012', '10000000-0000-0000-0000-000000000001', 'James',     'Brown',     'james.brown@ctafleet.com',      '(850) 555-1001', 'EMP-001', 'FL-DL-001001', 'FL', '2027-03-15', true,  'A', 'active',      '2021-06-15', 92, 'Operations', 95, 'on_duty',    8.5, 32),
('30000000-0000-0000-0000-000000000002', '12345678-1234-1234-1234-123456789012', '10000000-0000-0000-0000-000000000002', 'Maria',     'Rodriguez', 'maria.rodriguez@ctafleet.com',  '(850) 555-1002', 'EMP-002', 'FL-DL-002002', 'FL', '2027-05-20', true,  'A', 'active',      '2020-03-10', 97, 'Operations', 98, 'on_duty',    7.0, 45),
('30000000-0000-0000-0000-000000000003', '12345678-1234-1234-1234-123456789012', '10000000-0000-0000-0000-000000000003', 'William',   'Jones',     'william.jones@ctafleet.com',    '(850) 555-1003', 'EMP-003', 'FL-DL-003003', 'FL', '2026-11-30', true,  'A', 'active',      '2019-08-22', 85, 'Operations', 88, 'off_duty',   11.0, 28),
('30000000-0000-0000-0000-000000000004', '12345678-1234-1234-1234-123456789012', '10000000-0000-0000-0000-000000000004', 'Patricia',  'Martinez',  'patricia.martinez@ctafleet.com','(850) 555-1004', 'EMP-004', 'FL-DL-004004', 'FL', '2027-08-10', false, NULL,'active',      '2022-01-05', 90, 'Delivery',   92, 'on_duty',    9.0, 35),
('30000000-0000-0000-0000-000000000005', '12345678-1234-1234-1234-123456789012', '10000000-0000-0000-0000-000000000005', 'Michael',   'Anderson',  'michael.anderson@ctafleet.com', '(850) 555-1005', 'EMP-005', 'FL-DL-005005', 'FL', '2027-02-28', true,  'B', 'active',      '2020-11-18', 88, 'Delivery',   90, 'on_duty',    6.5, 48),
('30000000-0000-0000-0000-000000000006', '12345678-1234-1234-1234-123456789012', '10000000-0000-0000-0000-000000000006', 'Linda',     'Taylor',    'linda.taylor@ctafleet.com',     '(850) 555-1006', 'EMP-006', 'FL-DL-006006', 'FL', '2027-09-15', false, NULL,'active',      '2023-04-12', 94, 'Admin',      96, 'on_duty',    10.0, 20),
('30000000-0000-0000-0000-000000000007', '12345678-1234-1234-1234-123456789012', '10000000-0000-0000-0000-000000000007', 'Charles',   'Thomas',    'charles.thomas@ctafleet.com',   '(850) 555-1007', 'EMP-007', 'FL-DL-007007', 'FL', '2026-12-31', false, NULL,'active',      '2023-07-01', 82, 'Admin',      84, 'off_duty',   11.0, 15),
('30000000-0000-0000-0000-000000000008', '12345678-1234-1234-1234-123456789012', '10000000-0000-0000-0000-000000000008', 'Elizabeth', 'Jackson',   'elizabeth.jackson@ctafleet.com','(850) 555-1008', 'EMP-008', 'FL-DL-008008', 'FL', '2027-06-30', false, NULL,'active',      '2021-09-20', 91, 'Field Ops',  93, 'on_duty',    8.0, 38),
('30000000-0000-0000-0000-000000000009', '12345678-1234-1234-1234-123456789012', '10000000-0000-0000-0000-000000000009', 'Daniel',    'White',     'daniel.white@ctafleet.com',     '(850) 555-1009', 'EMP-009', 'FL-DL-009009', 'FL', '2027-04-15', false, NULL,'active',      '2022-06-01', 96, 'Field Ops',  97, 'on_duty',    9.5, 30),
('30000000-0000-0000-0000-000000000010', '12345678-1234-1234-1234-123456789012', '10000000-0000-0000-0000-000000000010', 'Barbara',   'Harris',    'barbara.harris@ctafleet.com',   '(850) 555-1010', 'EMP-010', 'FL-DL-010010', 'FL', '2027-07-20', true,  'A', 'active',      '2021-02-14', 89, 'Operations', 91, 'on_duty',    7.5, 42);

-- ============================================================================
-- 5. VEHICLES — 10 mixed fleet, GPS spread across Tallahassee
-- ============================================================================
INSERT INTO vehicles (id, tenant_id, name, number, vin, make, model, year, type, fuel_type, status, license_plate, odometer, latitude, longitude, fuel_level, assigned_driver_id, assigned_facility_id, is_active, metadata) VALUES
('40000000-0000-0000-0000-000000000001', '12345678-1234-1234-1234-123456789012', '2024 Ford F-150',              'CTA-001', '1FTFW1E85NFA00001', 'Ford',          'F-150',           2024, 'truck', 'gasoline', 'active',      'FL-CTA-001', 45230, 30.4583, -84.2899, 72, '30000000-0000-0000-0000-000000000001', '20000000-0000-0000-0000-000000000001', true, '{"color":"white","engine":"3.5L V6 EcoBoost","towing_capacity":13000}'::jsonb),
('40000000-0000-0000-0000-000000000002', '12345678-1234-1234-1234-123456789012', '2023 Freightliner Cascadia',   'CTA-002', '3AKJHHDR5NSLA0002', 'Freightliner',  'Cascadia',        2023, 'truck', 'diesel',   'active',      'FL-CTA-002', 128450, 30.4750, -84.2600, 85, '30000000-0000-0000-0000-000000000002', '20000000-0000-0000-0000-000000000001', true, '{"color":"silver","engine":"DD15","gvwr":80000}'::jsonb),
('40000000-0000-0000-0000-000000000003', '12345678-1234-1234-1234-123456789012', '2024 International LT',        'CTA-003', '3HSDJAPR5NN000003', 'International', 'LT',              2024, 'truck', 'diesel',   'maintenance', 'FL-CTA-003', 87620, 30.4801, -84.2802, 45, '30000000-0000-0000-0000-000000000003', '20000000-0000-0000-0000-000000000002', true, '{"color":"red","engine":"Cummins X15","gvwr":52000}'::jsonb),
('40000000-0000-0000-0000-000000000004', '12345678-1234-1234-1234-123456789012', '2024 Ford Transit 350',        'CTA-004', '1FTBW2CM5NKA00004', 'Ford',          'Transit 350',     2024, 'van',   'gasoline', 'active',      'FL-CTA-004', 32180, 30.4420, -84.2710, 58, '30000000-0000-0000-0000-000000000004', '20000000-0000-0000-0000-000000000003', true, '{"color":"white","engine":"3.5L V6","cargo_volume":"487 cu ft"}'::jsonb),
('40000000-0000-0000-0000-000000000005', '12345678-1234-1234-1234-123456789012', '2024 RAM ProMaster 2500',      'CTA-005', '3C6TRVDG5NE000005', 'RAM',           'ProMaster 2500',  2024, 'van',   'diesel',   'active',      'FL-CTA-005', 41300, 30.4350, -84.3100, 63, '30000000-0000-0000-0000-000000000005', '20000000-0000-0000-0000-000000000003', true, '{"color":"blue","engine":"3.0L EcoDiesel","cargo_volume":"463 cu ft"}'::jsonb),
('40000000-0000-0000-0000-000000000006', '12345678-1234-1234-1234-123456789012', '2023 Toyota Camry',            'CTA-006', '4T1BZ1HK5NU000006', 'Toyota',        'Camry',           2023, 'sedan', 'gasoline', 'active',      'FL-CTA-006', 28750, 30.4500, -84.2550, 80, '30000000-0000-0000-0000-000000000006', '20000000-0000-0000-0000-000000000001', true, '{"color":"black","engine":"2.5L I4","mpg_combined":32}'::jsonb),
('40000000-0000-0000-0000-000000000007', '12345678-1234-1234-1234-123456789012', '2023 Honda Civic',             'CTA-007', '2HGFE2F59NH000007', 'Honda',         'Civic',           2023, 'sedan', 'gasoline', 'idle',        'FL-CTA-007', 19200, 30.4380, -84.2350, 90, '30000000-0000-0000-0000-000000000007', '20000000-0000-0000-0000-000000000006', true, '{"color":"gray","engine":"2.0L I4","mpg_combined":36}'::jsonb),
('40000000-0000-0000-0000-000000000008', '12345678-1234-1234-1234-123456789012', '2024 Chevrolet Tahoe',         'CTA-008', '1GNSKCKD5NR000008', 'Chevrolet',     'Tahoe',           2024, 'suv',   'gasoline', 'active',      'FL-CTA-008', 38400, 30.4650, -84.2950, 55, '30000000-0000-0000-0000-000000000008', '20000000-0000-0000-0000-000000000001', true, '{"color":"white","engine":"5.3L V8","towing_capacity":8400}'::jsonb),
('40000000-0000-0000-0000-000000000009', '12345678-1234-1234-1234-123456789012', '2024 Tesla Model 3',           'CTA-009', '5YJ3E1EA5NF000009', 'Tesla',         'Model 3',         2024, 'sedan', 'electric', 'active',      'FL-CTA-009', 15800, 30.4425, -84.3105, 78, '30000000-0000-0000-0000-000000000009', '20000000-0000-0000-0000-000000000005', true, '{"color":"midnight blue","battery_kwh":75,"range_miles":358,"motor":"dual"}'::jsonb),
('40000000-0000-0000-0000-000000000010', '12345678-1234-1234-1234-123456789012', '2024 Rivian R1T',              'CTA-010', '7FCTGAAL5NN000010', 'Rivian',        'R1T',             2024, 'truck', 'electric', 'active',      'FL-CTA-010', 22100, 30.4600, -84.3200, 65, '30000000-0000-0000-0000-000000000010', '20000000-0000-0000-0000-000000000005', true, '{"color":"forest green","battery_kwh":135,"range_miles":314,"motor":"quad","towing_capacity":11000}'::jsonb);

-- ============================================================================
-- 6. VEHICLE ASSIGNMENTS — 10 active + 2 historical
-- ============================================================================
INSERT INTO vehicle_assignments (id, vehicle_id, driver_id, assignment_start, is_active, assignment_type, odometer_start, notes, assigned_by, tenant_id, status, is_primary_assignment) VALUES
-- Active assignments (1:1 with vehicles)
('FA000000-0000-0000-0000-000000000001', '40000000-0000-0000-0000-000000000001', '30000000-0000-0000-0000-000000000001', '2024-06-01', true,  'primary', 40000, 'Primary fleet truck',        '00000000-0000-0000-0000-000000000002', '12345678-1234-1234-1234-123456789012', 'active', true),
('FA000000-0000-0000-0000-000000000002', '40000000-0000-0000-0000-000000000002', '30000000-0000-0000-0000-000000000002', '2024-04-15', true,  'primary', 110000,'Long-haul primary driver',   '00000000-0000-0000-0000-000000000002', '12345678-1234-1234-1234-123456789012', 'active', true),
('FA000000-0000-0000-0000-000000000003', '40000000-0000-0000-0000-000000000003', '30000000-0000-0000-0000-000000000003', '2024-05-01', true,  'primary', 75000, 'Heavy hauler assignment',    '00000000-0000-0000-0000-000000000002', '12345678-1234-1234-1234-123456789012', 'active', true),
('FA000000-0000-0000-0000-000000000004', '40000000-0000-0000-0000-000000000004', '30000000-0000-0000-0000-000000000004', '2024-07-01', true,  'primary', 28000, 'Delivery van assignment',    '00000000-0000-0000-0000-000000000002', '12345678-1234-1234-1234-123456789012', 'active', true),
('FA000000-0000-0000-0000-000000000005', '40000000-0000-0000-0000-000000000005', '30000000-0000-0000-0000-000000000005', '2024-06-15', true,  'primary', 35000, 'Cargo van - daily routes',   '00000000-0000-0000-0000-000000000002', '12345678-1234-1234-1234-123456789012', 'active', true),
('FA000000-0000-0000-0000-000000000006', '40000000-0000-0000-0000-000000000006', '30000000-0000-0000-0000-000000000006', '2024-08-01', true,  'primary', 25000, 'Admin pool vehicle',         '00000000-0000-0000-0000-000000000002', '12345678-1234-1234-1234-123456789012', 'active', true),
('FA000000-0000-0000-0000-000000000007', '40000000-0000-0000-0000-000000000007', '30000000-0000-0000-0000-000000000007', '2024-09-01', true,  'primary', 15000, 'City errands vehicle',       '00000000-0000-0000-0000-000000000002', '12345678-1234-1234-1234-123456789012', 'active', true),
('FA000000-0000-0000-0000-000000000008', '40000000-0000-0000-0000-000000000008', '30000000-0000-0000-0000-000000000008', '2024-05-15', true,  'primary', 32000, 'Field operations SUV',       '00000000-0000-0000-0000-000000000002', '12345678-1234-1234-1234-123456789012', 'active', true),
('FA000000-0000-0000-0000-000000000009', '40000000-0000-0000-0000-000000000009', '30000000-0000-0000-0000-000000000009', '2024-07-15', true,  'primary', 10000, 'EV pilot program',           '00000000-0000-0000-0000-000000000002', '12345678-1234-1234-1234-123456789012', 'active', true),
('FA000000-0000-0000-0000-000000000010', '40000000-0000-0000-0000-000000000010', '30000000-0000-0000-0000-000000000010', '2024-08-01', true,  'primary', 18000, 'EV truck pilot',             '00000000-0000-0000-0000-000000000002', '12345678-1234-1234-1234-123456789012', 'active', true),
-- Historical assignments
('FA000000-0000-0000-0000-000000000011', '40000000-0000-0000-0000-000000000001', '30000000-0000-0000-0000-000000000005', '2023-01-15', false, 'temporary', 30000, 'Temp coverage during leave', '00000000-0000-0000-0000-000000000002', '12345678-1234-1234-1234-123456789012', 'completed', false),
('FA000000-0000-0000-0000-000000000012', '40000000-0000-0000-0000-000000000006', '30000000-0000-0000-0000-000000000008', '2023-06-01', false, 'temporary', 18000, 'Cross-training rotation',    '00000000-0000-0000-0000-000000000002', '12345678-1234-1234-1234-123456789012', 'completed', false);

-- ============================================================================
-- 7. GEOFENCES — 6 zones around Tallahassee
-- ============================================================================
INSERT INTO geofences (id, tenant_id, name, description, type, facility_id, center_lat, center_lng, radius, is_active) VALUES
('50000000-0000-0000-0000-000000000001', '12345678-1234-1234-1234-123456789012', 'Downtown Tallahassee',  'Downtown business district geofence',     'circle', NULL,                                    30.4383, -84.2807, 2000, true),
('50000000-0000-0000-0000-000000000002', '12345678-1234-1234-1234-123456789012', 'CTA HQ Campus',         'CTA headquarters campus perimeter',       'circle', '20000000-0000-0000-0000-000000000001', 30.4551, -84.2534, 500,  true),
('50000000-0000-0000-0000-000000000003', '12345678-1234-1234-1234-123456789012', 'Tallahassee Airport',   'Airport satellite facility zone',         'circle', '20000000-0000-0000-0000-000000000004', 30.3965, -84.3503, 1500, true),
('50000000-0000-0000-0000-000000000004', '12345678-1234-1234-1234-123456789012', 'FSU Campus Zone',       'Florida State University campus area',    'circle', NULL,                                    30.4419, -84.2986, 1000, true),
('50000000-0000-0000-0000-000000000005', '12345678-1234-1234-1234-123456789012', 'I-10 Corridor East',    'Interstate 10 eastern corridor zone',    'circle', NULL,                                    30.4700, -84.2000, 5000, true),
('50000000-0000-0000-0000-000000000006', '12345678-1234-1234-1234-123456789012', 'Maintenance Yard Zone', 'North maintenance yard perimeter fence',  'circle', '20000000-0000-0000-0000-000000000002', 30.4801, -84.2802, 300,  true);

-- ============================================================================
-- 8. ROUTES — 5 routes (3 in_progress, 1 pending, 1 completed)
-- ============================================================================
INSERT INTO routes (id, tenant_id, name, number, description, type, status, start_facility_id, end_facility_id, estimated_distance, estimated_duration, assigned_driver_id, assigned_vehicle_id, scheduled_start_time, scheduled_end_time, waypoints) VALUES
('80000000-0000-0000-0000-000000000001', '12345678-1234-1234-1234-123456789012', 'Downtown Delivery Loop',   'RT-001', 'Daily downtown parcel delivery circuit',       'delivery',   'in_progress', '20000000-0000-0000-0000-000000000001', NULL,                                    18.5, 120, '30000000-0000-0000-0000-000000000004', '40000000-0000-0000-0000-000000000004', NOW() - INTERVAL '2 hours', NOW() + INTERVAL '2 hours', '[]'::jsonb),
('80000000-0000-0000-0000-000000000002', '12345678-1234-1234-1234-123456789012', 'Airport Cargo Run',        'RT-002', 'Freight transfer to Tallahassee Regional',     'freight',    'in_progress', '20000000-0000-0000-0000-000000000001', '20000000-0000-0000-0000-000000000004', 12.3, 45,  '30000000-0000-0000-0000-000000000002', '40000000-0000-0000-0000-000000000002', NOW() - INTERVAL '1 hour',  NOW() + INTERVAL '1 hour',  '[]'::jsonb),
('80000000-0000-0000-0000-000000000003', '12345678-1234-1234-1234-123456789012', 'North County Supply Run',  'RT-003', 'Parts and supply delivery to north facilities','supply',     'in_progress', '20000000-0000-0000-0000-000000000003', '20000000-0000-0000-0000-000000000002', 8.7,  30,  '30000000-0000-0000-0000-000000000005', '40000000-0000-0000-0000-000000000005', NOW() - INTERVAL '30 minutes', NOW() + INTERVAL '90 minutes', '[]'::jsonb),
('80000000-0000-0000-0000-000000000004', '12345678-1234-1234-1234-123456789012', 'East Side Inspection Tour','RT-004', 'Facility inspection round — east sector',      'inspection', 'pending',     '20000000-0000-0000-0000-000000000001', '20000000-0000-0000-0000-000000000006', 15.0, 90,  '30000000-0000-0000-0000-000000000008', '40000000-0000-0000-0000-000000000008', NOW() + INTERVAL '4 hours',  NOW() + INTERVAL '7 hours',  '[]'::jsonb),
('80000000-0000-0000-0000-000000000005', '12345678-1234-1234-1234-123456789012', 'Morning EV Commute',       'RT-005', 'HQ to EV Charging Hub daily route',            'commute',    'completed',   '20000000-0000-0000-0000-000000000001', '20000000-0000-0000-0000-000000000005', 6.2,  20,  '30000000-0000-0000-0000-000000000009', '40000000-0000-0000-0000-000000000009', NOW() - INTERVAL '6 hours',  NOW() - INTERVAL '5 hours',  '[]'::jsonb);

-- ============================================================================
-- 9. DISPATCHES — 4 active dispatches
-- ============================================================================
INSERT INTO dispatches (id, tenant_id, route_id, vehicle_id, driver_id, dispatcher_id, type, status, priority, origin, destination, dispatched_at, notes) VALUES
('90000000-0000-0000-0000-000000000001', '12345678-1234-1234-1234-123456789012', '80000000-0000-0000-0000-000000000001', '40000000-0000-0000-0000-000000000004', '30000000-0000-0000-0000-000000000004', '00000000-0000-0000-0000-000000000003', 'delivery',   'in_progress', 'medium', 'CTA Fleet HQ',    'Downtown Tallahassee', NOW() - INTERVAL '2 hours',      'Regular downtown delivery run'),
('90000000-0000-0000-0000-000000000002', '12345678-1234-1234-1234-123456789012', '80000000-0000-0000-0000-000000000002', '40000000-0000-0000-0000-000000000002', '30000000-0000-0000-0000-000000000002', '00000000-0000-0000-0000-000000000003', 'freight',    'in_progress', 'high',   'CTA Fleet HQ',    'Tallahassee Airport',  NOW() - INTERVAL '1 hour',       'Priority freight transfer'),
('90000000-0000-0000-0000-000000000003', '12345678-1234-1234-1234-123456789012', '80000000-0000-0000-0000-000000000003', '40000000-0000-0000-0000-000000000005', '30000000-0000-0000-0000-000000000005', '00000000-0000-0000-0000-000000000003', 'supply',     'in_progress', 'medium', 'Southside Depot',  'North Maintenance Yard', NOW() - INTERVAL '30 minutes', 'Supply run to north yard'),
('90000000-0000-0000-0000-000000000004', '12345678-1234-1234-1234-123456789012', '80000000-0000-0000-0000-000000000004', '40000000-0000-0000-0000-000000000008', '30000000-0000-0000-0000-000000000008', '00000000-0000-0000-0000-000000000003', 'inspection', 'pending',     'medium', 'CTA Fleet HQ',    'East Storage Lot',     NOW() + INTERVAL '4 hours',      'Afternoon inspection dispatch');

-- ============================================================================
-- 10. DISPATCH CHANNELS — 6 radio channels
-- ============================================================================
INSERT INTO dispatch_channels (id, tenant_id, name, description, channel_type, channel_id, priority_level, is_active) VALUES
('DC000000-0000-0000-0000-000000000001', '12345678-1234-1234-1234-123456789012', 'Operations Main',    'Primary operations and coordination',         'operations',  'CTA-OPS-1',   5, true),
('DC000000-0000-0000-0000-000000000002', '12345678-1234-1234-1234-123456789012', 'Maintenance',        'Maintenance operations and support',           'maintenance', 'CTA-MAINT-1', 6, true),
('DC000000-0000-0000-0000-000000000003', '12345678-1234-1234-1234-123456789012', 'Delivery Team',      'Delivery team coordination and logistics',     'general',     'CTA-DEL-1',   4, true),
('DC000000-0000-0000-0000-000000000004', '12345678-1234-1234-1234-123456789012', 'Emergency',          'Emergency and high-priority communications',   'emergency',   'CTA-EMRG-1', 10, true),
('DC000000-0000-0000-0000-000000000005', '12345678-1234-1234-1234-123456789012', 'Admin',              'Administrative communications channel',         'general',     'CTA-ADM-1',   3, true),
('DC000000-0000-0000-0000-000000000006', '12345678-1234-1234-1234-123456789012', 'EV Fleet',           'Electric vehicle fleet operations',             'operations',  'CTA-EV-1',    5, true);

-- ============================================================================
-- 11. WORK ORDERS — 25 orders (2-3 per vehicle, mixed statuses)
-- ============================================================================
INSERT INTO work_orders (id, tenant_id, vehicle_id, number, title, description, type, priority, status, assigned_to_id, scheduled_start_date, scheduled_end_date, actual_start_date, actual_end_date, estimated_cost, actual_cost, notes) VALUES
-- CTA-001 Ford F-150
('60000000-0000-0000-0000-000000000001', '12345678-1234-1234-1234-123456789012', '40000000-0000-0000-0000-000000000001', 'WO-2026-001', 'Oil Change & Filter',           'Routine 5000-mile oil change and filter replacement',      'preventive', 'low',      'completed',   '30000000-0000-0000-0000-000000000003', '2026-01-15', '2026-01-15', '2026-01-15', '2026-01-15', 85.00,  78.50,  'Synthetic 5W-30 used'),
('60000000-0000-0000-0000-000000000002', '12345678-1234-1234-1234-123456789012', '40000000-0000-0000-0000-000000000001', 'WO-2026-002', 'Brake Pad Replacement',         'Front brake pads worn below minimum thickness',            'corrective',     'high',     'in_progress', '30000000-0000-0000-0000-000000000003', '2026-02-20', '2026-02-21', '2026-02-20', NULL,         320.00, NULL,   'OEM pads ordered'),
-- CTA-002 Freightliner Cascadia
('60000000-0000-0000-0000-000000000003', '12345678-1234-1234-1234-123456789012', '40000000-0000-0000-0000-000000000002', 'WO-2026-003', 'DOT Annual Inspection',         'Federal annual inspection — 49 CFR Part 396.17',          'inspection', 'high',     'completed',   '30000000-0000-0000-0000-000000000003', '2026-01-10', '2026-01-11', '2026-01-10', '2026-01-10', 450.00, 425.00, 'Passed with no defects'),
('60000000-0000-0000-0000-000000000004', '12345678-1234-1234-1234-123456789012', '40000000-0000-0000-0000-000000000002', 'WO-2026-004', 'Diesel Particulate Filter Clean','DPF regen cycle & manual clean',                           'preventive', 'medium',   'pending',     '30000000-0000-0000-0000-000000000003', '2026-03-01', '2026-03-02', NULL,         NULL,         680.00, NULL,   'Schedule during weekend downtime'),
('60000000-0000-0000-0000-000000000005', '12345678-1234-1234-1234-123456789012', '40000000-0000-0000-0000-000000000002', 'WO-2026-005', 'Turbo Actuator Replacement',    'Check engine light — turbo actuator codes P0299',          'corrective',     'high',     'completed',   '30000000-0000-0000-0000-000000000003', '2025-12-05', '2025-12-07', '2025-12-05', '2025-12-06', 1200.00,1150.00,'Warranty claim filed'),
-- CTA-003 International LT (in maintenance)
('60000000-0000-0000-0000-000000000006', '12345678-1234-1234-1234-123456789012', '40000000-0000-0000-0000-000000000003', 'WO-2026-006', 'Transmission Rebuild',          'Transmission slipping between 3rd and 4th gear',          'corrective',     'critical', 'in_progress', '30000000-0000-0000-0000-000000000003', '2026-02-18', '2026-02-25', '2026-02-18', NULL,         4500.00,NULL,   'Vehicle OOS until complete'),
('60000000-0000-0000-0000-000000000007', '12345678-1234-1234-1234-123456789012', '40000000-0000-0000-0000-000000000003', 'WO-2026-007', 'Coolant System Flush',          'Scheduled coolant flush at 80K miles',                     'preventive', 'medium',   'completed',   '30000000-0000-0000-0000-000000000003', '2026-01-20', '2026-01-20', '2026-01-20', '2026-01-20', 180.00, 165.00, 'Extended-life coolant installed'),
-- CTA-004 Ford Transit 350
('60000000-0000-0000-0000-000000000008', '12345678-1234-1234-1234-123456789012', '40000000-0000-0000-0000-000000000004', 'WO-2026-008', 'Tire Rotation & Balance',       'Scheduled tire service at 30K miles',                      'preventive', 'low',      'completed',   '30000000-0000-0000-0000-000000000003', '2026-02-01', '2026-02-01', '2026-02-01', '2026-02-01', 120.00, 115.00, 'All tires within spec'),
('60000000-0000-0000-0000-000000000009', '12345678-1234-1234-1234-123456789012', '40000000-0000-0000-0000-000000000004', 'WO-2026-009', 'Cargo Door Hinge Repair',       'Rear cargo door not closing flush — hinge worn',           'corrective',     'medium',   'pending',     '30000000-0000-0000-0000-000000000003', '2026-03-05', '2026-03-05', NULL,         NULL,         250.00, NULL,   'Parts on order from dealer'),
-- CTA-005 RAM ProMaster 2500
('60000000-0000-0000-0000-000000000010', '12345678-1234-1234-1234-123456789012', '40000000-0000-0000-0000-000000000005', 'WO-2026-010', 'Fuel Injector Service',         'Rough idle — clean and test all fuel injectors',           'corrective',     'medium',   'completed',   '30000000-0000-0000-0000-000000000003', '2026-01-25', '2026-01-26', '2026-01-25', '2026-01-26', 550.00, 520.00, 'Injector #3 replaced'),
('60000000-0000-0000-0000-000000000011', '12345678-1234-1234-1234-123456789012', '40000000-0000-0000-0000-000000000005', 'WO-2026-011', 'A/C Compressor Check',          'A/C blowing warm — pre-summer check',                      'preventive', 'low',      'pending',     '30000000-0000-0000-0000-000000000003', '2026-03-15', '2026-03-15', NULL,         NULL,         200.00, NULL,   'Annual spring HVAC check'),
-- CTA-006 Toyota Camry
('60000000-0000-0000-0000-000000000012', '12345678-1234-1234-1234-123456789012', '40000000-0000-0000-0000-000000000006', 'WO-2026-012', '25K Mile Service',              'Multi-point inspection, oil change, tire rotation',        'preventive', 'low',      'completed',   '30000000-0000-0000-0000-000000000003', '2026-02-05', '2026-02-05', '2026-02-05', '2026-02-05', 195.00, 185.00, 'All fluids topped off'),
('60000000-0000-0000-0000-000000000013', '12345678-1234-1234-1234-123456789012', '40000000-0000-0000-0000-000000000006', 'WO-2026-013', 'Windshield Chip Repair',        'Rock chip on driver side — repairable',                    'corrective',     'low',      'completed',   '30000000-0000-0000-0000-000000000003', '2026-02-10', '2026-02-10', '2026-02-10', '2026-02-10', 75.00,  65.00,  'Resin injection method'),
-- CTA-007 Honda Civic (idle)
('60000000-0000-0000-0000-000000000014', '12345678-1234-1234-1234-123456789012', '40000000-0000-0000-0000-000000000007', 'WO-2026-014', '15K Mile Service',              'Standard service interval check',                          'preventive', 'low',      'completed',   '30000000-0000-0000-0000-000000000003', '2026-01-28', '2026-01-28', '2026-01-28', '2026-01-28', 145.00, 140.00, 'Good condition overall'),
('60000000-0000-0000-0000-000000000015', '12345678-1234-1234-1234-123456789012', '40000000-0000-0000-0000-000000000007', 'WO-2026-015', 'Battery Replacement',           'Battery showing low CCA — preventive swap',                'preventive', 'medium',   'pending',     '30000000-0000-0000-0000-000000000003', '2026-03-10', '2026-03-10', NULL,         NULL,         180.00, NULL,   'AGM battery spec required'),
-- CTA-008 Chevrolet Tahoe
('60000000-0000-0000-0000-000000000016', '12345678-1234-1234-1234-123456789012', '40000000-0000-0000-0000-000000000008', 'WO-2026-016', 'Transfer Case Fluid Change',    'AWD transfer case service at 35K',                         'preventive', 'medium',   'completed',   '30000000-0000-0000-0000-000000000003', '2026-02-12', '2026-02-12', '2026-02-12', '2026-02-12', 220.00, 210.00, 'Synthetic gear oil used'),
('60000000-0000-0000-0000-000000000017', '12345678-1234-1234-1234-123456789012', '40000000-0000-0000-0000-000000000008', 'WO-2026-017', 'Exhaust Manifold Leak',         'Exhaust tick at cold start — manifold gasket leak',        'corrective',     'medium',   'in_progress', '30000000-0000-0000-0000-000000000003', '2026-02-22', '2026-02-23', '2026-02-22', NULL,         380.00, NULL,   'Gasket set ordered'),
('60000000-0000-0000-0000-000000000018', '12345678-1234-1234-1234-123456789012', '40000000-0000-0000-0000-000000000008', 'WO-2026-018', 'Suspension Inspection',         'Annual suspension component check',                        'inspection', 'low',      'completed',   '30000000-0000-0000-0000-000000000003', '2026-01-05', '2026-01-05', '2026-01-05', '2026-01-05', 150.00, 145.00, 'All components within spec'),
-- CTA-009 Tesla Model 3
('60000000-0000-0000-0000-000000000019', '12345678-1234-1234-1234-123456789012', '40000000-0000-0000-0000-000000000009', 'WO-2026-019', 'Tire Rotation (EV)',            'EV tire rotation — check for accelerated inner wear',      'preventive', 'low',      'completed',   '30000000-0000-0000-0000-000000000003', '2026-02-08', '2026-02-08', '2026-02-08', '2026-02-08', 80.00,  75.00,  'EV-rated tires in good condition'),
('60000000-0000-0000-0000-000000000020', '12345678-1234-1234-1234-123456789012', '40000000-0000-0000-0000-000000000009', 'WO-2026-020', 'Cabin Air Filter Replace',      '12-month cabin filter change',                             'preventive', 'low',      'pending',     '30000000-0000-0000-0000-000000000003', '2026-03-08', '2026-03-08', NULL,         NULL,         45.00,  NULL,   'HEPA filter upgrade available'),
('60000000-0000-0000-0000-000000000021', '12345678-1234-1234-1234-123456789012', '40000000-0000-0000-0000-000000000009', 'WO-2026-021', '12V Battery Check',             'Auxiliary 12V battery voltage low warning',                'corrective',     'medium',   'completed',   '30000000-0000-0000-0000-000000000003', '2026-01-18', '2026-01-18', '2026-01-18', '2026-01-18', 280.00, 265.00, '12V Li-ion replacement installed'),
-- CTA-010 Rivian R1T
('60000000-0000-0000-0000-000000000022', '12345678-1234-1234-1234-123456789012', '40000000-0000-0000-0000-000000000010', 'WO-2026-022', 'OTA Software Update',           'Rivian firmware 2026.04 — range and regen improvements',   'preventive', 'low',      'completed',   '30000000-0000-0000-0000-000000000003', '2026-02-01', '2026-02-01', '2026-02-01', '2026-02-01', 0.00,   0.00,   'OTA applied successfully'),
('60000000-0000-0000-0000-000000000023', '12345678-1234-1234-1234-123456789012', '40000000-0000-0000-0000-000000000010', 'WO-2026-023', 'Wheel Alignment',               'Post-pothole alignment check — slight pull right',         'corrective',     'medium',   'in_progress', '30000000-0000-0000-0000-000000000003', '2026-02-21', '2026-02-21', '2026-02-21', NULL,         150.00, NULL,   'Hunter alignment system required'),
('60000000-0000-0000-0000-000000000024', '12345678-1234-1234-1234-123456789012', '40000000-0000-0000-0000-000000000010', 'WO-2026-024', 'Bed Liner Inspection',          'Check spray-in bed liner for damage after heavy use',      'inspection', 'low',      'completed',   '30000000-0000-0000-0000-000000000003', '2026-01-22', '2026-01-22', '2026-01-22', '2026-01-22', 50.00,  50.00,  'Minor touch-up applied'),
-- Fleet-wide
('60000000-0000-0000-0000-000000000025', '12345678-1234-1234-1234-123456789012', '40000000-0000-0000-0000-000000000001', 'WO-2026-025', 'Fleet GPS Calibration',         'Quarterly GPS unit calibration across fleet',              'preventive', 'low',      'completed',   '30000000-0000-0000-0000-000000000003', '2026-01-02', '2026-01-03', '2026-01-02', '2026-01-03', 500.00, 475.0, 'All 10 units verified');

-- ============================================================================
-- 12. FUEL TRANSACTIONS — 60 transactions (6 per vehicle, 90-day span)
-- ============================================================================
INSERT INTO fuel_transactions (id, tenant_id, vehicle_id, driver_id, transaction_date, fuel_type, gallons, cost_per_gallon, total_cost, odometer, location, vendor_name, payment_method, card_last4) VALUES
-- CTA-001 Ford F-150 (gasoline)
('70000000-0000-0000-0000-000000000001', '12345678-1234-1234-1234-123456789012', '40000000-0000-0000-0000-000000000001', '30000000-0000-0000-0000-000000000001', '2025-12-05', 'gasoline', 18.5, 3.29, 60.87,  43200, 'Shell - Capital Circle',     'Shell',      'fleet_card', '4421'),
('70000000-0000-0000-0000-000000000002', '12345678-1234-1234-1234-123456789012', '40000000-0000-0000-0000-000000000001', '30000000-0000-0000-0000-000000000001', '2025-12-18', 'gasoline', 19.2, 3.25, 62.40,  43550, 'BP - Thomasville Rd',        'BP',         'fleet_card', '4421'),
('70000000-0000-0000-0000-000000000003', '12345678-1234-1234-1234-123456789012', '40000000-0000-0000-0000-000000000001', '30000000-0000-0000-0000-000000000001', '2026-01-02', 'gasoline', 17.8, 3.35, 59.63,  43900, 'Chevron - Monroe St',        'Chevron',    'fleet_card', '4421'),
('70000000-0000-0000-0000-000000000004', '12345678-1234-1234-1234-123456789012', '40000000-0000-0000-0000-000000000001', '30000000-0000-0000-0000-000000000001', '2026-01-15', 'gasoline', 20.1, 3.31, 66.53,  44300, 'Shell - Capital Circle',     'Shell',      'fleet_card', '4421'),
('70000000-0000-0000-0000-000000000005', '12345678-1234-1234-1234-123456789012', '40000000-0000-0000-0000-000000000001', '30000000-0000-0000-0000-000000000001', '2026-01-29', 'gasoline', 18.9, 3.28, 61.99,  44700, 'BP - Thomasville Rd',        'BP',         'fleet_card', '4421'),
('70000000-0000-0000-0000-000000000006', '12345678-1234-1234-1234-123456789012', '40000000-0000-0000-0000-000000000001', '30000000-0000-0000-0000-000000000001', '2026-02-12', 'gasoline', 19.5, 3.33, 64.94,  45100, 'Chevron - Monroe St',        'Chevron',    'fleet_card', '4421'),
-- CTA-002 Freightliner Cascadia (diesel)
('70000000-0000-0000-0000-000000000007', '12345678-1234-1234-1234-123456789012', '40000000-0000-0000-0000-000000000002', '30000000-0000-0000-0000-000000000002', '2025-12-03', 'diesel',   120.0, 3.89, 466.80, 125800, 'Pilot - I-10 East',        'Pilot',      'fleet_card', '8832'),
('70000000-0000-0000-0000-000000000008', '12345678-1234-1234-1234-123456789012', '40000000-0000-0000-0000-000000000002', '30000000-0000-0000-0000-000000000002', '2025-12-15', 'diesel',   115.5, 3.92, 452.76, 126400, 'Love''s - US-90',          'Love''s',    'fleet_card', '8832'),
('70000000-0000-0000-0000-000000000009', '12345678-1234-1234-1234-123456789012', '40000000-0000-0000-0000-000000000002', '30000000-0000-0000-0000-000000000002', '2025-12-28', 'diesel',   122.3, 3.85, 470.86, 127100, 'Pilot - I-10 East',        'Pilot',      'fleet_card', '8832'),
('70000000-0000-0000-0000-000000000010', '12345678-1234-1234-1234-123456789012', '40000000-0000-0000-0000-000000000002', '30000000-0000-0000-0000-000000000002', '2026-01-10', 'diesel',   118.0, 3.95, 466.10, 127700, 'TA - Hwy 27',             'TA',         'fleet_card', '8832'),
('70000000-0000-0000-0000-000000000011', '12345678-1234-1234-1234-123456789012', '40000000-0000-0000-0000-000000000002', '30000000-0000-0000-0000-000000000002', '2026-01-24', 'diesel',   125.0, 3.87, 483.75, 128200, 'Love''s - US-90',          'Love''s',    'fleet_card', '8832'),
('70000000-0000-0000-0000-000000000012', '12345678-1234-1234-1234-123456789012', '40000000-0000-0000-0000-000000000002', '30000000-0000-0000-0000-000000000002', '2026-02-08', 'diesel',   119.5, 3.91, 467.25, 128800, 'Pilot - I-10 East',        'Pilot',      'fleet_card', '8832'),
-- CTA-003 International LT (diesel)
('70000000-0000-0000-0000-000000000013', '12345678-1234-1234-1234-123456789012', '40000000-0000-0000-0000-000000000003', '30000000-0000-0000-0000-000000000003', '2025-12-08', 'diesel',   95.0, 3.90, 370.50,  85500, 'Pilot - I-10 East',        'Pilot',      'fleet_card', '7743'),
('70000000-0000-0000-0000-000000000014', '12345678-1234-1234-1234-123456789012', '40000000-0000-0000-0000-000000000003', '30000000-0000-0000-0000-000000000003', '2025-12-22', 'diesel',   98.5, 3.88, 382.18,  86100, 'TA - Hwy 27',             'TA',         'fleet_card', '7743'),
('70000000-0000-0000-0000-000000000015', '12345678-1234-1234-1234-123456789012', '40000000-0000-0000-0000-000000000003', '30000000-0000-0000-0000-000000000003', '2026-01-05', 'diesel',   92.0, 3.93, 361.56,  86700, 'Love''s - US-90',          'Love''s',    'fleet_card', '7743'),
('70000000-0000-0000-0000-000000000016', '12345678-1234-1234-1234-123456789012', '40000000-0000-0000-0000-000000000003', '30000000-0000-0000-0000-000000000003', '2026-01-18', 'diesel',   96.0, 3.91, 375.36,  87200, 'Pilot - I-10 East',        'Pilot',      'fleet_card', '7743'),
('70000000-0000-0000-0000-000000000017', '12345678-1234-1234-1234-123456789012', '40000000-0000-0000-0000-000000000003', '30000000-0000-0000-0000-000000000003', '2026-02-01', 'diesel',   90.0, 3.94, 354.60,  87600, 'TA - Hwy 27',             'TA',         'fleet_card', '7743'),
('70000000-0000-0000-0000-000000000018', '12345678-1234-1234-1234-123456789012', '40000000-0000-0000-0000-000000000003', '30000000-0000-0000-0000-000000000003', '2026-02-14', 'diesel',   0.0,  0.00, 0.00,    87620, 'N/A - In Maintenance',     'N/A',        'fleet_card', '7743'),
-- CTA-004 Ford Transit 350 (gasoline)
('70000000-0000-0000-0000-000000000019', '12345678-1234-1234-1234-123456789012', '40000000-0000-0000-0000-000000000004', '30000000-0000-0000-0000-000000000004', '2025-12-06', 'gasoline', 22.0, 3.29, 72.38,  30800, 'Shell - Capital Circle',    'Shell',      'fleet_card', '5512'),
('70000000-0000-0000-0000-000000000020', '12345678-1234-1234-1234-123456789012', '40000000-0000-0000-0000-000000000004', '30000000-0000-0000-0000-000000000004', '2025-12-19', 'gasoline', 21.5, 3.27, 70.31,  31100, 'BP - Thomasville Rd',       'BP',         'fleet_card', '5512'),
('70000000-0000-0000-0000-000000000021', '12345678-1234-1234-1234-123456789012', '40000000-0000-0000-0000-000000000004', '30000000-0000-0000-0000-000000000004', '2026-01-03', 'gasoline', 23.0, 3.32, 76.36,  31450, 'Chevron - Monroe St',       'Chevron',    'fleet_card', '5512'),
('70000000-0000-0000-0000-000000000022', '12345678-1234-1234-1234-123456789012', '40000000-0000-0000-0000-000000000004', '30000000-0000-0000-0000-000000000004', '2026-01-16', 'gasoline', 21.8, 3.30, 71.94,  31800, 'Shell - Capital Circle',    'Shell',      'fleet_card', '5512'),
('70000000-0000-0000-0000-000000000023', '12345678-1234-1234-1234-123456789012', '40000000-0000-0000-0000-000000000004', '30000000-0000-0000-0000-000000000004', '2026-01-30', 'gasoline', 22.5, 3.28, 73.80,  32050, 'BP - Thomasville Rd',       'BP',         'fleet_card', '5512'),
('70000000-0000-0000-0000-000000000024', '12345678-1234-1234-1234-123456789012', '40000000-0000-0000-0000-000000000004', '30000000-0000-0000-0000-000000000004', '2026-02-13', 'gasoline', 21.0, 3.34, 70.14,  32400, 'Chevron - Monroe St',       'Chevron',    'fleet_card', '5512'),
-- CTA-005 RAM ProMaster 2500 (diesel)
('70000000-0000-0000-0000-000000000025', '12345678-1234-1234-1234-123456789012', '40000000-0000-0000-0000-000000000005', '30000000-0000-0000-0000-000000000005', '2025-12-04', 'diesel',   24.0, 3.89, 93.36,  39500, 'Pilot - I-10 East',        'Pilot',      'fleet_card', '6654'),
('70000000-0000-0000-0000-000000000026', '12345678-1234-1234-1234-123456789012', '40000000-0000-0000-0000-000000000005', '30000000-0000-0000-0000-000000000005', '2025-12-17', 'diesel',   23.5, 3.92, 92.12,  39900, 'TA - Hwy 27',             'TA',         'fleet_card', '6654'),
('70000000-0000-0000-0000-000000000027', '12345678-1234-1234-1234-123456789012', '40000000-0000-0000-0000-000000000005', '30000000-0000-0000-0000-000000000005', '2026-01-01', 'diesel',   25.0, 3.87, 96.75,  40300, 'Love''s - US-90',          'Love''s',    'fleet_card', '6654'),
('70000000-0000-0000-0000-000000000028', '12345678-1234-1234-1234-123456789012', '40000000-0000-0000-0000-000000000005', '30000000-0000-0000-0000-000000000005', '2026-01-14', 'diesel',   24.5, 3.90, 95.55,  40600, 'Pilot - I-10 East',        'Pilot',      'fleet_card', '6654'),
('70000000-0000-0000-0000-000000000029', '12345678-1234-1234-1234-123456789012', '40000000-0000-0000-0000-000000000005', '30000000-0000-0000-0000-000000000005', '2026-01-28', 'diesel',   23.0, 3.93, 90.39,  41000, 'TA - Hwy 27',             'TA',         'fleet_card', '6654'),
('70000000-0000-0000-0000-000000000030', '12345678-1234-1234-1234-123456789012', '40000000-0000-0000-0000-000000000005', '30000000-0000-0000-0000-000000000005', '2026-02-11', 'diesel',   24.2, 3.88, 93.90,  41300, 'Love''s - US-90',          'Love''s',    'fleet_card', '6654'),
-- CTA-006 Toyota Camry (gasoline)
('70000000-0000-0000-0000-000000000031', '12345678-1234-1234-1234-123456789012', '40000000-0000-0000-0000-000000000006', '30000000-0000-0000-0000-000000000006', '2025-12-07', 'gasoline', 12.5, 3.29, 41.13,  27500, 'Shell - Capital Circle',    'Shell',      'fleet_card', '3398'),
('70000000-0000-0000-0000-000000000032', '12345678-1234-1234-1234-123456789012', '40000000-0000-0000-0000-000000000006', '30000000-0000-0000-0000-000000000006', '2025-12-20', 'gasoline', 11.8, 3.27, 38.59,  27800, 'BP - Thomasville Rd',       'BP',         'fleet_card', '3398'),
('70000000-0000-0000-0000-000000000033', '12345678-1234-1234-1234-123456789012', '40000000-0000-0000-0000-000000000006', '30000000-0000-0000-0000-000000000006', '2026-01-04', 'gasoline', 12.2, 3.33, 40.63,  28100, 'Chevron - Monroe St',       'Chevron',    'fleet_card', '3398'),
('70000000-0000-0000-0000-000000000034', '12345678-1234-1234-1234-123456789012', '40000000-0000-0000-0000-000000000006', '30000000-0000-0000-0000-000000000006', '2026-01-17', 'gasoline', 13.0, 3.30, 42.90,  28400, 'Shell - Capital Circle',    'Shell',      'fleet_card', '3398'),
('70000000-0000-0000-0000-000000000035', '12345678-1234-1234-1234-123456789012', '40000000-0000-0000-0000-000000000006', '30000000-0000-0000-0000-000000000006', '2026-01-31', 'gasoline', 12.0, 3.28, 39.36,  28700, 'BP - Thomasville Rd',       'BP',         'fleet_card', '3398'),
('70000000-0000-0000-0000-000000000036', '12345678-1234-1234-1234-123456789012', '40000000-0000-0000-0000-000000000006', '30000000-0000-0000-0000-000000000006', '2026-02-14', 'gasoline', 12.8, 3.35, 42.88,  29000, 'Chevron - Monroe St',       'Chevron',    'fleet_card', '3398'),
-- CTA-007 Honda Civic (gasoline)
('70000000-0000-0000-0000-000000000037', '12345678-1234-1234-1234-123456789012', '40000000-0000-0000-0000-000000000007', '30000000-0000-0000-0000-000000000007', '2025-12-09', 'gasoline', 10.5, 3.29, 34.55,  18200, 'Shell - Capital Circle',    'Shell',      'fleet_card', '2287'),
('70000000-0000-0000-0000-000000000038', '12345678-1234-1234-1234-123456789012', '40000000-0000-0000-0000-000000000007', '30000000-0000-0000-0000-000000000007', '2025-12-23', 'gasoline', 10.8, 3.25, 35.10,  18500, 'BP - Thomasville Rd',       'BP',         'fleet_card', '2287'),
('70000000-0000-0000-0000-000000000039', '12345678-1234-1234-1234-123456789012', '40000000-0000-0000-0000-000000000007', '30000000-0000-0000-0000-000000000007', '2026-01-06', 'gasoline', 10.2, 3.33, 33.97,  18700, 'Chevron - Monroe St',       'Chevron',    'fleet_card', '2287'),
('70000000-0000-0000-0000-000000000040', '12345678-1234-1234-1234-123456789012', '40000000-0000-0000-0000-000000000007', '30000000-0000-0000-0000-000000000007', '2026-01-19', 'gasoline', 11.0, 3.30, 36.30,  18900, 'Shell - Capital Circle',    'Shell',      'fleet_card', '2287'),
('70000000-0000-0000-0000-000000000041', '12345678-1234-1234-1234-123456789012', '40000000-0000-0000-0000-000000000007', '30000000-0000-0000-0000-000000000007', '2026-02-02', 'gasoline', 10.0, 3.28, 32.80,  19100, 'BP - Thomasville Rd',       'BP',         'fleet_card', '2287'),
('70000000-0000-0000-0000-000000000042', '12345678-1234-1234-1234-123456789012', '40000000-0000-0000-0000-000000000007', '30000000-0000-0000-0000-000000000007', '2026-02-15', 'gasoline', 10.5, 3.35, 35.18,  19200, 'Chevron - Monroe St',       'Chevron',    'fleet_card', '2287'),
-- CTA-008 Chevrolet Tahoe (gasoline)
('70000000-0000-0000-0000-000000000043', '12345678-1234-1234-1234-123456789012', '40000000-0000-0000-0000-000000000008', '30000000-0000-0000-0000-000000000008', '2025-12-06', 'gasoline', 24.0, 3.29, 78.96,  36800, 'Shell - Capital Circle',    'Shell',      'fleet_card', '9945'),
('70000000-0000-0000-0000-000000000044', '12345678-1234-1234-1234-123456789012', '40000000-0000-0000-0000-000000000008', '30000000-0000-0000-0000-000000000008', '2025-12-19', 'gasoline', 23.5, 3.27, 76.85,  37100, 'BP - Thomasville Rd',       'BP',         'fleet_card', '9945'),
('70000000-0000-0000-0000-000000000045', '12345678-1234-1234-1234-123456789012', '40000000-0000-0000-0000-000000000008', '30000000-0000-0000-0000-000000000008', '2026-01-03', 'gasoline', 24.5, 3.33, 81.59,  37500, 'Chevron - Monroe St',       'Chevron',    'fleet_card', '9945'),
('70000000-0000-0000-0000-000000000046', '12345678-1234-1234-1234-123456789012', '40000000-0000-0000-0000-000000000008', '30000000-0000-0000-0000-000000000008', '2026-01-16', 'gasoline', 23.0, 3.30, 75.90,  37800, 'Shell - Capital Circle',    'Shell',      'fleet_card', '9945'),
('70000000-0000-0000-0000-000000000047', '12345678-1234-1234-1234-123456789012', '40000000-0000-0000-0000-000000000008', '30000000-0000-0000-0000-000000000008', '2026-01-30', 'gasoline', 24.2, 3.28, 79.38,  38100, 'BP - Thomasville Rd',       'BP',         'fleet_card', '9945'),
('70000000-0000-0000-0000-000000000048', '12345678-1234-1234-1234-123456789012', '40000000-0000-0000-0000-000000000008', '30000000-0000-0000-0000-000000000008', '2026-02-13', 'gasoline', 23.8, 3.34, 79.49,  38400, 'Chevron - Monroe St',       'Chevron',    'fleet_card', '9945'),
-- CTA-009 Tesla Model 3 (electric — charging costs, gallons=0)
('70000000-0000-0000-0000-000000000049', '12345678-1234-1234-1234-123456789012', '40000000-0000-0000-0000-000000000009', '30000000-0000-0000-0000-000000000009', '2025-12-05', 'electric', 0, 0, 12.50, 14500, 'CTA EV Charging Hub',      'CTA Fleet',  'fleet_card', '1109'),
('70000000-0000-0000-0000-000000000050', '12345678-1234-1234-1234-123456789012', '40000000-0000-0000-0000-000000000009', '30000000-0000-0000-0000-000000000009', '2025-12-18', 'electric', 0, 0, 11.80, 14800, 'Tesla Supercharger - Tally','Tesla',      'fleet_card', '1109'),
('70000000-0000-0000-0000-000000000051', '12345678-1234-1234-1234-123456789012', '40000000-0000-0000-0000-000000000009', '30000000-0000-0000-0000-000000000009', '2026-01-02', 'electric', 0, 0, 13.20, 15100, 'CTA EV Charging Hub',      'CTA Fleet',  'fleet_card', '1109'),
('70000000-0000-0000-0000-000000000052', '12345678-1234-1234-1234-123456789012', '40000000-0000-0000-0000-000000000009', '30000000-0000-0000-0000-000000000009', '2026-01-15', 'electric', 0, 0, 10.90, 15300, 'Tesla Supercharger - Tally','Tesla',      'fleet_card', '1109'),
('70000000-0000-0000-0000-000000000053', '12345678-1234-1234-1234-123456789012', '40000000-0000-0000-0000-000000000009', '30000000-0000-0000-0000-000000000009', '2026-01-29', 'electric', 0, 0, 12.00, 15500, 'CTA EV Charging Hub',      'CTA Fleet',  'fleet_card', '1109'),
('70000000-0000-0000-0000-000000000054', '12345678-1234-1234-1234-123456789012', '40000000-0000-0000-0000-000000000009', '30000000-0000-0000-0000-000000000009', '2026-02-12', 'electric', 0, 0, 11.50, 15800, 'Tesla Supercharger - Tally','Tesla',      'fleet_card', '1109'),
-- CTA-010 Rivian R1T (electric)
('70000000-0000-0000-0000-000000000055', '12345678-1234-1234-1234-123456789012', '40000000-0000-0000-0000-000000000010', '30000000-0000-0000-0000-000000000010', '2025-12-08', 'electric', 0, 0, 18.50, 20800, 'CTA EV Charging Hub',       'CTA Fleet', 'fleet_card', '7710'),
('70000000-0000-0000-0000-000000000056', '12345678-1234-1234-1234-123456789012', '40000000-0000-0000-0000-000000000010', '30000000-0000-0000-0000-000000000010', '2025-12-21', 'electric', 0, 0, 19.20, 21100, 'Rivian Adventure Network',  'Rivian',    'fleet_card', '7710'),
('70000000-0000-0000-0000-000000000057', '12345678-1234-1234-1234-123456789012', '40000000-0000-0000-0000-000000000010', '30000000-0000-0000-0000-000000000010', '2026-01-04', 'electric', 0, 0, 17.80, 21400, 'CTA EV Charging Hub',       'CTA Fleet', 'fleet_card', '7710'),
('70000000-0000-0000-0000-000000000058', '12345678-1234-1234-1234-123456789012', '40000000-0000-0000-0000-000000000010', '30000000-0000-0000-0000-000000000010', '2026-01-17', 'electric', 0, 0, 20.10, 21700, 'Rivian Adventure Network',  'Rivian',    'fleet_card', '7710'),
('70000000-0000-0000-0000-000000000059', '12345678-1234-1234-1234-123456789012', '40000000-0000-0000-0000-000000000010', '30000000-0000-0000-0000-000000000010', '2026-01-31', 'electric', 0, 0, 18.90, 22000, 'CTA EV Charging Hub',       'CTA Fleet', 'fleet_card', '7710'),
('70000000-0000-0000-0000-000000000060', '12345678-1234-1234-1234-123456789012', '40000000-0000-0000-0000-000000000010', '30000000-0000-0000-0000-000000000010', '2026-02-14', 'electric', 0, 0, 19.50, 22300, 'Rivian Adventure Network',  'Rivian',    'fleet_card', '7710');

-- ============================================================================
-- 13. MAINTENANCE SCHEDULES — 20 (2 per vehicle)
-- ============================================================================
INSERT INTO maintenance_schedules (id, tenant_id, vehicle_id, name, description, type, interval_miles, interval_days, last_service_date, next_service_date, is_active) VALUES
('E5000000-0000-0000-0000-000000000001', '12345678-1234-1234-1234-123456789012', '40000000-0000-0000-0000-000000000001', 'Oil Change',        'Synthetic 5W-30',            'preventive', 5000,  NULL, '2026-01-15', '2026-04-15', true),
('E5000000-0000-0000-0000-000000000002', '12345678-1234-1234-1234-123456789012', '40000000-0000-0000-0000-000000000001', 'Brake Inspection',  'Check pads and rotors',      'inspection', NULL,  180,  '2025-08-20', '2026-02-20', true),
('E5000000-0000-0000-0000-000000000003', '12345678-1234-1234-1234-123456789012', '40000000-0000-0000-0000-000000000002', 'DOT Annual',        'Federal annual inspection',  'inspection', NULL,  365,  '2026-01-10', '2027-01-10', true),
('E5000000-0000-0000-0000-000000000004', '12345678-1234-1234-1234-123456789012', '40000000-0000-0000-0000-000000000002', 'DPF Service',       'Diesel particulate filter',  'preventive', 50000, NULL, '2025-06-15', '2026-03-01', true),
('E5000000-0000-0000-0000-000000000005', '12345678-1234-1234-1234-123456789012', '40000000-0000-0000-0000-000000000003', 'Transmission Svc',  'Currently in shop',          'preventive', 60000, NULL, '2025-04-10', '2026-02-18', true),
('E5000000-0000-0000-0000-000000000006', '12345678-1234-1234-1234-123456789012', '40000000-0000-0000-0000-000000000003', 'Coolant Flush',     'Extended-life coolant',      'preventive', 40000, NULL, '2026-01-20', '2026-07-20', true),
('E5000000-0000-0000-0000-000000000007', '12345678-1234-1234-1234-123456789012', '40000000-0000-0000-0000-000000000004', 'Tire Rotation',     'Include balance check',      'preventive', 7500,  NULL, '2026-02-01', '2026-05-01', true),
('E5000000-0000-0000-0000-000000000008', '12345678-1234-1234-1234-123456789012', '40000000-0000-0000-0000-000000000004', 'Cargo Area Check',  'Door seals and tie-downs',   'inspection', NULL,  90,   '2025-11-15', '2026-02-15', true),
('E5000000-0000-0000-0000-000000000009', '12345678-1234-1234-1234-123456789012', '40000000-0000-0000-0000-000000000005', 'Oil Change',        'Diesel-spec oil',            'preventive', 10000, NULL, '2026-01-25', '2026-04-25', true),
('E5000000-0000-0000-0000-000000000010', '12345678-1234-1234-1234-123456789012', '40000000-0000-0000-0000-000000000005', 'A/C Service',       'Pre-summer HVAC check',      'preventive', NULL,  365,  '2025-04-01', '2026-04-01', true),
('E5000000-0000-0000-0000-000000000011', '12345678-1234-1234-1234-123456789012', '40000000-0000-0000-0000-000000000006', '25K Service',       'Multi-point inspection',     'preventive', 25000, NULL, '2026-02-05', '2026-08-05', true),
('E5000000-0000-0000-0000-000000000012', '12345678-1234-1234-1234-123456789012', '40000000-0000-0000-0000-000000000006', 'State Inspection',  'FL state inspection',        'inspection', NULL,  365,  '2025-06-10', '2026-06-10', true),
('E5000000-0000-0000-0000-000000000013', '12345678-1234-1234-1234-123456789012', '40000000-0000-0000-0000-000000000007', '15K Service',       'Standard interval',          'preventive', 15000, NULL, '2026-01-28', '2026-07-28', true),
('E5000000-0000-0000-0000-000000000014', '12345678-1234-1234-1234-123456789012', '40000000-0000-0000-0000-000000000007', 'Battery Test',      'CCA and voltage test',       'inspection', NULL,  180,  '2025-09-15', '2026-03-15', true),
('E5000000-0000-0000-0000-000000000015', '12345678-1234-1234-1234-123456789012', '40000000-0000-0000-0000-000000000008', 'Transfer Case Svc', 'AWD fluid change',           'preventive', 30000, NULL, '2026-02-12', '2026-08-12', true),
('E5000000-0000-0000-0000-000000000016', '12345678-1234-1234-1234-123456789012', '40000000-0000-0000-0000-000000000008', 'Suspension Check',  'Full suspension audit',      'inspection', NULL,  365,  '2026-01-05', '2027-01-05', true),
('E5000000-0000-0000-0000-000000000017', '12345678-1234-1234-1234-123456789012', '40000000-0000-0000-0000-000000000009', 'Tire Rotation',     'EV tire wear pattern check', 'preventive', 7500,  NULL, '2026-02-08', '2026-05-08', true),
('E5000000-0000-0000-0000-000000000018', '12345678-1234-1234-1234-123456789012', '40000000-0000-0000-0000-000000000009', 'Cabin Filter',      'HEPA filter replacement',    'preventive', NULL,  365,  '2025-03-08', '2026-03-08', true),
('E5000000-0000-0000-0000-000000000019', '12345678-1234-1234-1234-123456789012', '40000000-0000-0000-0000-000000000010', 'Software Update',   'OTA firmware updates',       'preventive', NULL,  90,   '2026-02-01', '2026-05-01', true),
('E5000000-0000-0000-0000-000000000020', '12345678-1234-1234-1234-123456789012', '40000000-0000-0000-0000-000000000010', 'Alignment Check',   'Post-pothole assessment',    'inspection', NULL,  180,  '2025-08-15', '2026-02-15', true);

-- ============================================================================
-- 14. INCIDENTS — 5 incidents (3 drivers with history)
-- ============================================================================
INSERT INTO incidents (id, tenant_id, number, vehicle_id, driver_id, type, severity, description, location, incident_date, status, reported_by_id, investigation_notes) VALUES
('A0000000-0000-0000-0000-000000000001', '12345678-1234-1234-1234-123456789012', 'INC-2025-001', '40000000-0000-0000-0000-000000000001', '30000000-0000-0000-0000-000000000001', 'minor_collision', 'minor',    'Parking lot fender scrape — no injuries',                    'Walmart Parking Lot, Capital Circle', '2025-11-15', 'completed',   '30000000-0000-0000-0000-000000000001', 'Insurance claim filed, $800 repair'),
('A0000000-0000-0000-0000-000000000002', '12345678-1234-1234-1234-123456789012', 'INC-2025-002', '40000000-0000-0000-0000-000000000003', '30000000-0000-0000-0000-000000000003', 'hard_braking',    'moderate', 'Hard brake event — deer on road, no collision',              'US-27 North of Tallahassee',          '2025-12-20', 'completed',   '30000000-0000-0000-0000-000000000003', 'Dashcam footage reviewed, unavoidable'),
('A0000000-0000-0000-0000-000000000003', '12345678-1234-1234-1234-123456789012', 'INC-2026-001', '40000000-0000-0000-0000-000000000005', '30000000-0000-0000-0000-000000000005', 'speeding',        'minor',    'GPS alert: 12 mph over limit on I-10',                      'I-10 Eastbound Mile Marker 212',      '2026-01-08', 'completed',   '00000000-0000-0000-0000-000000000003', 'Verbal warning issued'),
('A0000000-0000-0000-0000-000000000004', '12345678-1234-1234-1234-123456789012', 'INC-2026-002', '40000000-0000-0000-0000-000000000008', '30000000-0000-0000-0000-000000000008', 'near_miss',       'moderate', 'Near-miss with pedestrian at crosswalk — driver distracted', 'Monroe St & College Ave',             '2026-02-05', 'in_progress', '00000000-0000-0000-0000-000000000003', 'Safety retraining recommended'),
('A0000000-0000-0000-0000-000000000005', '12345678-1234-1234-1234-123456789012', 'INC-2026-003', '40000000-0000-0000-0000-000000000002', '30000000-0000-0000-0000-000000000002', 'mechanical',      'major',    'Tire blowout on highway — safe pullover, no injuries',       'I-10 Westbound near Exit 192',        '2026-01-22', 'completed',   '30000000-0000-0000-0000-000000000002', 'Tire defect — manufacturer notified');

-- ============================================================================
-- 15. TASKS — 8 operational tasks
-- ============================================================================
INSERT INTO tasks (id, tenant_id, title, description, status, priority, assigned_to_id, due_date, created_by_id, completed_date) VALUES
('7A000000-0000-0000-0000-000000000001', '12345678-1234-1234-1234-123456789012', 'Fleet Insurance Renewal',         'Renew fleet insurance policy before March 31 expiry',        'in_progress', 'high',     '00000000-0000-0000-0000-000000000002', '2026-03-15', '00000000-0000-0000-0000-000000000001', NULL),
('7A000000-0000-0000-0000-000000000002', '12345678-1234-1234-1234-123456789012', 'Q1 Safety Training',              'Complete Q1 mandatory safety training for all 10 drivers',   'in_progress', 'high',     '00000000-0000-0000-0000-000000000003', '2026-03-31', '00000000-0000-0000-0000-000000000002', NULL),
('7A000000-0000-0000-0000-000000000003', '12345678-1234-1234-1234-123456789012', 'EV Charging Station Expansion',   'Evaluate adding 2 more L2 chargers at HQ',                  'pending',     'medium',   '00000000-0000-0000-0000-000000000002', '2026-04-30', '00000000-0000-0000-0000-000000000001', NULL),
('7A000000-0000-0000-0000-000000000004', '12345678-1234-1234-1234-123456789012', 'DOT Compliance Audit Prep',       'Prepare documentation for upcoming DOT compliance audit',    'pending',     'high',     '00000000-0000-0000-0000-000000000003', '2026-04-15', '00000000-0000-0000-0000-000000000001', NULL),
('7A000000-0000-0000-0000-000000000005', '12345678-1234-1234-1234-123456789012', 'Fuel Card Reconciliation',        'Reconcile January and February fuel card statements',        'completed',   'medium',   '00000000-0000-0000-0000-000000000003', '2026-02-28', '00000000-0000-0000-0000-000000000002', '2026-02-20'),
('7A000000-0000-0000-0000-000000000006', '12345678-1234-1234-1234-123456789012', 'Vehicle Registration Renewals',   'Renew registrations for CTA-001 through CTA-005',           'in_progress', 'medium',   '00000000-0000-0000-0000-000000000002', '2026-03-31', '00000000-0000-0000-0000-000000000001', NULL),
('7A000000-0000-0000-0000-000000000007', '12345678-1234-1234-1234-123456789012', 'CTA-003 Return to Service',       'Complete transmission rebuild and return to active duty',    'in_progress', 'critical', '00000000-0000-0000-0000-000000000003', '2026-02-28', '00000000-0000-0000-0000-000000000002', NULL),
('7A000000-0000-0000-0000-000000000008', '12345678-1234-1234-1234-123456789012', 'Driver Scorecard Review',         'Review and discuss Q4 2025 driver scorecards with each driver','pending',  'low',      '00000000-0000-0000-0000-000000000003', '2026-03-15', '00000000-0000-0000-0000-000000000002', NULL);

-- ============================================================================
-- 16. INSPECTIONS — 20 (2 per vehicle: pre-trip + annual/DOT)
-- ============================================================================
INSERT INTO inspections (id, tenant_id, vehicle_id, driver_id, inspector_id, type, status, inspector_name, location, started_at, completed_at, defects_found, passed_inspection, notes) VALUES
-- Pre-trip inspections (recent)
('16000000-0000-0000-0000-000000000001', '12345678-1234-1234-1234-123456789012', '40000000-0000-0000-0000-000000000001', '30000000-0000-0000-0000-000000000001', '30000000-0000-0000-0000-000000000001', 'pre_trip', 'completed', 'James Brown',       'CTA Fleet HQ',           '2026-02-23 06:00:00', '2026-02-23 06:15:00', 0, true,  'All systems green'),
('16000000-0000-0000-0000-000000000002', '12345678-1234-1234-1234-123456789012', '40000000-0000-0000-0000-000000000002', '30000000-0000-0000-0000-000000000002', '30000000-0000-0000-0000-000000000002', 'pre_trip', 'completed', 'Maria Rodriguez',   'CTA Fleet HQ',           '2026-02-23 05:30:00', '2026-02-23 05:50:00', 0, true,  'Full CDL pre-trip check passed'),
('16000000-0000-0000-0000-000000000003', '12345678-1234-1234-1234-123456789012', '40000000-0000-0000-0000-000000000003', '30000000-0000-0000-0000-000000000003', '30000000-0000-0000-0000-000000000003', 'pre_trip', 'completed', 'William Jones',     'North Maintenance Yard', '2026-02-17 06:00:00', '2026-02-17 06:20:00', 1, false, 'Transmission issue noted — sent to shop'),
('16000000-0000-0000-0000-000000000004', '12345678-1234-1234-1234-123456789012', '40000000-0000-0000-0000-000000000004', '30000000-0000-0000-0000-000000000004', '30000000-0000-0000-0000-000000000004', 'pre_trip', 'completed', 'Patricia Martinez', 'Southside Depot',        '2026-02-23 06:30:00', '2026-02-23 06:40:00', 0, true,  'Van ready for delivery'),
('16000000-0000-0000-0000-000000000005', '12345678-1234-1234-1234-123456789012', '40000000-0000-0000-0000-000000000005', '30000000-0000-0000-0000-000000000005', '30000000-0000-0000-0000-000000000005', 'pre_trip', 'completed', 'Michael Anderson',  'Southside Depot',        '2026-02-23 06:15:00', '2026-02-23 06:30:00', 0, true,  'Cargo van cleared'),
('16000000-0000-0000-0000-000000000006', '12345678-1234-1234-1234-123456789012', '40000000-0000-0000-0000-000000000006', '30000000-0000-0000-0000-000000000006', '30000000-0000-0000-0000-000000000006', 'pre_trip', 'completed', 'Linda Taylor',      'CTA Fleet HQ',           '2026-02-23 07:00:00', '2026-02-23 07:10:00', 0, true,  'Sedan in good shape'),
('16000000-0000-0000-0000-000000000007', '12345678-1234-1234-1234-123456789012', '40000000-0000-0000-0000-000000000007', '30000000-0000-0000-0000-000000000007', '30000000-0000-0000-0000-000000000007', 'pre_trip', 'completed', 'Charles Thomas',    'East Storage Lot',       '2026-02-20 07:30:00', '2026-02-20 07:40:00', 0, true,  'Vehicle idle — quick check passed'),
('16000000-0000-0000-0000-000000000008', '12345678-1234-1234-1234-123456789012', '40000000-0000-0000-0000-000000000008', '30000000-0000-0000-0000-000000000008', '30000000-0000-0000-0000-000000000008', 'pre_trip', 'completed', 'Elizabeth Jackson', 'CTA Fleet HQ',           '2026-02-23 06:45:00', '2026-02-23 07:00:00', 0, true,  'SUV cleared for field ops'),
('16000000-0000-0000-0000-000000000009', '12345678-1234-1234-1234-123456789012', '40000000-0000-0000-0000-000000000009', '30000000-0000-0000-0000-000000000009', '30000000-0000-0000-0000-000000000009', 'pre_trip', 'completed', 'Daniel White',      'EV Charging Hub',        '2026-02-23 07:15:00', '2026-02-23 07:25:00', 0, true,  'EV systems nominal, 95% SOC'),
('16000000-0000-0000-0000-000000000010', '12345678-1234-1234-1234-123456789012', '40000000-0000-0000-0000-000000000010', '30000000-0000-0000-0000-000000000010', '30000000-0000-0000-0000-000000000010', 'pre_trip', 'completed', 'Barbara Harris',    'EV Charging Hub',        '2026-02-23 07:00:00', '2026-02-23 07:15:00', 0, true,  'EV truck fully charged, ready'),
-- Annual / DOT inspections
('16000000-0000-0000-0000-000000000011', '12345678-1234-1234-1234-123456789012', '40000000-0000-0000-0000-000000000001', '30000000-0000-0000-0000-000000000001', '00000000-0000-0000-0000-000000000003', 'annual',   'completed', 'Operations Lead',   'North Maintenance Yard', '2025-08-15 08:00:00', '2025-08-15 10:30:00', 0, true,  'Annual passed — all clear'),
('16000000-0000-0000-0000-000000000012', '12345678-1234-1234-1234-123456789012', '40000000-0000-0000-0000-000000000002', '30000000-0000-0000-0000-000000000002', '00000000-0000-0000-0000-000000000003', 'dot',      'completed', 'Operations Lead',   'North Maintenance Yard', '2026-01-10 08:00:00', '2026-01-10 12:00:00', 0, true,  'DOT annual — 49 CFR 396.17 compliant'),
('16000000-0000-0000-0000-000000000013', '12345678-1234-1234-1234-123456789012', '40000000-0000-0000-0000-000000000003', '30000000-0000-0000-0000-000000000003', '00000000-0000-0000-0000-000000000003', 'dot',      'completed', 'Operations Lead',   'North Maintenance Yard', '2025-09-20 08:00:00', '2025-09-20 11:00:00', 1, true,  'Minor defect noted — corrected on-site'),
('16000000-0000-0000-0000-000000000014', '12345678-1234-1234-1234-123456789012', '40000000-0000-0000-0000-000000000004', '30000000-0000-0000-0000-000000000004', '00000000-0000-0000-0000-000000000003', 'annual',   'completed', 'Operations Lead',   'Southside Depot',        '2025-10-05 09:00:00', '2025-10-05 10:30:00', 0, true,  'Van passed annual inspection'),
('16000000-0000-0000-0000-000000000015', '12345678-1234-1234-1234-123456789012', '40000000-0000-0000-0000-000000000005', '30000000-0000-0000-0000-000000000005', '00000000-0000-0000-0000-000000000003', 'annual',   'completed', 'Operations Lead',   'Southside Depot',        '2025-10-05 11:00:00', '2025-10-05 12:30:00', 0, true,  'Van passed annual inspection'),
('16000000-0000-0000-0000-000000000016', '12345678-1234-1234-1234-123456789012', '40000000-0000-0000-0000-000000000006', '30000000-0000-0000-0000-000000000006', '00000000-0000-0000-0000-000000000003', 'annual',   'completed', 'Operations Lead',   'CTA Fleet HQ',           '2025-06-10 09:00:00', '2025-06-10 10:00:00', 0, true,  'Sedan annual — good condition'),
('16000000-0000-0000-0000-000000000017', '12345678-1234-1234-1234-123456789012', '40000000-0000-0000-0000-000000000007', '30000000-0000-0000-0000-000000000007', '00000000-0000-0000-0000-000000000003', 'annual',   'completed', 'Operations Lead',   'East Storage Lot',       '2025-07-22 09:00:00', '2025-07-22 10:00:00', 0, true,  'Civic annual — all clear'),
('16000000-0000-0000-0000-000000000018', '12345678-1234-1234-1234-123456789012', '40000000-0000-0000-0000-000000000008', '30000000-0000-0000-0000-000000000008', '00000000-0000-0000-0000-000000000003', 'annual',   'completed', 'Operations Lead',   'CTA Fleet HQ',           '2026-01-05 08:00:00', '2026-01-05 09:30:00', 0, true,  'Tahoe annual — suspension inspected'),
('16000000-0000-0000-0000-000000000019', '12345678-1234-1234-1234-123456789012', '40000000-0000-0000-0000-000000000009', '30000000-0000-0000-0000-000000000009', '00000000-0000-0000-0000-000000000003', 'annual',   'completed', 'Operations Lead',   'EV Charging Hub',        '2025-11-10 09:00:00', '2025-11-10 10:00:00', 0, true,  'Tesla annual — battery health 97%'),
('16000000-0000-0000-0000-000000000020', '12345678-1234-1234-1234-123456789012', '40000000-0000-0000-0000-000000000010', '30000000-0000-0000-0000-000000000010', '00000000-0000-0000-0000-000000000003', 'annual',   'completed', 'Operations Lead',   'EV Charging Hub',        '2025-12-15 09:00:00', '2025-12-15 10:30:00', 0, true,  'Rivian annual — battery health 99%');

-- ============================================================================
-- 17. CHARGING STATIONS — 6 stations (at EV Charging Hub + HQ)
-- ============================================================================
INSERT INTO charging_stations (id, tenant_id, name, type, status, address, latitude, longitude, max_power_kw, number_of_ports, available_ports, facility_id) VALUES
('C5000000-0000-0000-0000-000000000001', '12345678-1234-1234-1234-123456789012', 'EV Hub - DC Fast 1',    'dc_fast',  'available',    'EV Charging Hub Bay 1', 30.4425, -84.3105, 150, 2, 2, '20000000-0000-0000-0000-000000000005'),
('C5000000-0000-0000-0000-000000000002', '12345678-1234-1234-1234-123456789012', 'EV Hub - DC Fast 2',    'dc_fast',  'in_use',       'EV Charging Hub Bay 2', 30.4426, -84.3106, 150, 2, 2, '20000000-0000-0000-0000-000000000005'),
('C5000000-0000-0000-0000-000000000003', '12345678-1234-1234-1234-123456789012', 'EV Hub - Level 2 A',    'level_2',  'available',    'EV Charging Hub Bay 3', 30.4427, -84.3107, 19,  1, 1, '20000000-0000-0000-0000-000000000005'),
('C5000000-0000-0000-0000-000000000004', '12345678-1234-1234-1234-123456789012', 'EV Hub - Level 2 B',    'level_2',  'available',    'EV Charging Hub Bay 4', 30.4428, -84.3108, 19,  1, 1, '20000000-0000-0000-0000-000000000005'),
('C5000000-0000-0000-0000-000000000005', '12345678-1234-1234-1234-123456789012', 'HQ - Level 2 East',     'level_2',  'available',    'CTA HQ Parking East',   30.4552, -84.2533, 11,  1, 1, '20000000-0000-0000-0000-000000000001'),
('C5000000-0000-0000-0000-000000000006', '12345678-1234-1234-1234-123456789012', 'HQ - Level 2 West',     'level_2',  'maintenance',  'CTA HQ Parking West',   30.4553, -84.2535, 11,  1, 1, '20000000-0000-0000-0000-000000000001');

-- ============================================================================
-- 18. CHARGING SESSIONS — 8 sessions for 2 EVs
-- ============================================================================
INSERT INTO charging_sessions (id, tenant_id, vehicle_id, station_id, start_time, end_time, duration_minutes, start_soc_percent, end_soc_percent, energy_delivered_kwh, max_power_kw, avg_power_kw, energy_cost, session_status) VALUES
-- Tesla Model 3 sessions
('C4000000-0000-0000-0000-000000000001', '12345678-1234-1234-1234-123456789012', '40000000-0000-0000-0000-000000000009', 'C5000000-0000-0000-0000-000000000001', '2026-02-20 18:00:00', '2026-02-20 18:35:00', 35, 25, 80, 41.3, 148, 70.8, 8.26, 'completed'),
('C4000000-0000-0000-0000-000000000002', '12345678-1234-1234-1234-123456789012', '40000000-0000-0000-0000-000000000009', 'C5000000-0000-0000-0000-000000000003', '2026-02-21 22:00:00', '2026-02-22 05:30:00', 450, 45, 100, 41.3, 19, 5.5, 4.13, 'completed'),
('C4000000-0000-0000-0000-000000000003', '12345678-1234-1234-1234-123456789012', '40000000-0000-0000-0000-000000000009', 'C5000000-0000-0000-0000-000000000001', '2026-02-22 17:30:00', '2026-02-22 18:00:00', 30, 30, 78, 36.0, 150, 72.0, 7.20, 'completed'),
('C4000000-0000-0000-0000-000000000004', '12345678-1234-1234-1234-123456789012', '40000000-0000-0000-0000-000000000009', 'C5000000-0000-0000-0000-000000000002', '2026-02-23 07:00:00', NULL,                  NULL, 55, NULL, NULL, 148, NULL, NULL, 'in_progress'),
-- Rivian R1T sessions
('C4000000-0000-0000-0000-000000000005', '12345678-1234-1234-1234-123456789012', '40000000-0000-0000-0000-000000000010', 'C5000000-0000-0000-0000-000000000002', '2026-02-19 19:00:00', '2026-02-19 20:00:00', 60, 20, 75, 74.3, 150, 74.3, 14.86, 'completed'),
('C4000000-0000-0000-0000-000000000006', '12345678-1234-1234-1234-123456789012', '40000000-0000-0000-0000-000000000010', 'C5000000-0000-0000-0000-000000000004', '2026-02-20 22:00:00', '2026-02-21 06:00:00', 480, 40, 100, 81.0, 19, 10.1, 8.10, 'completed'),
('C4000000-0000-0000-0000-000000000007', '12345678-1234-1234-1234-123456789012', '40000000-0000-0000-0000-000000000010', 'C5000000-0000-0000-0000-000000000001', '2026-02-22 18:00:00', '2026-02-22 19:00:00', 60, 15, 70, 74.3, 148, 74.3, 14.86, 'completed'),
('C4000000-0000-0000-0000-000000000008', '12345678-1234-1234-1234-123456789012', '40000000-0000-0000-0000-000000000010', 'C5000000-0000-0000-0000-000000000005', '2026-02-23 06:00:00', NULL,                  NULL, 60, NULL, NULL, 11, NULL, NULL, 'in_progress');

-- ============================================================================
-- 19. VENDORS — 5 fleet service vendors
-- ============================================================================
INSERT INTO vendors (id, tenant_id, name, code, type, contact_name, contact_email, contact_phone, address, city, state, zip_code, country, payment_terms, preferred_vendor, rating, is_active) VALUES
('a0000001-0000-0000-0000-000000000001', '12345678-1234-1234-1234-123456789012', 'Capital Auto Parts',         'CAP-001', 'parts',       'Robert Chen',      'robert@capitalauto.com',     '(850) 555-2001', '100 Industrial Dr',   'Tallahassee', 'FL', '32301', 'US', 'net_30', true,  4.5, true),
('a0000001-0000-0000-0000-000000000002', '12345678-1234-1234-1234-123456789012', 'Sunshine Fuel Services',     'SFS-001', 'fuel',        'Sandra Mitchell',  'sandra@sunshinefuel.com',    '(850) 555-2002', '200 Commerce Blvd',   'Tallahassee', 'FL', '32304', 'US', 'net_15', true,  4.8, true),
('a0000001-0000-0000-0000-000000000003', '12345678-1234-1234-1234-123456789012', 'Big Bend Tire & Service',    'BBT-001', 'tires',       'James Patterson',  'james@bigbendtire.com',      '(850) 555-2003', '350 Tennessee St',    'Tallahassee', 'FL', '32308', 'US', 'net_30', true,  4.2, true),
('a0000001-0000-0000-0000-000000000004', '12345678-1234-1234-1234-123456789012', 'Florida Fleet Electronics',  'FFE-001', 'electronics', 'Maria Gonzalez',   'maria@flfleetelectronics.com','(850) 555-2004', '500 Mahan Dr',        'Tallahassee', 'FL', '32308', 'US', 'net_45', false, 4.0, true),
('a0000001-0000-0000-0000-000000000005', '12345678-1234-1234-1234-123456789012', 'EV Charge Solutions LLC',    'ECS-001', 'ev_service',  'David Park',       'david@evchargesolutions.com','(850) 555-2005', '75 Innovation Way',   'Tallahassee', 'FL', '32310', 'US', 'net_30', true,  4.7, true);

-- ============================================================================
-- 20. PURCHASE ORDERS — 5 POs linked to vendors
-- ============================================================================
INSERT INTO purchase_orders (id, tenant_id, vendor_id, number, status, subtotal, total_amount, notes, requested_by_id, order_date) VALUES
('9E000000-0000-0000-0000-000000000001', '12345678-1234-1234-1234-123456789012', 'a0000001-0000-0000-0000-000000000001', 'PO-2026-001', 'completed', 2450.00, 2450.00, 'Brake pads and rotors for F-150 and Tahoe',              '00000000-0000-0000-0000-000000000002', '2026-02-10'),
('9E000000-0000-0000-0000-000000000002', '12345678-1234-1234-1234-123456789012', 'a0000001-0000-0000-0000-000000000003', 'PO-2026-002', 'completed', 3200.00, 3200.00, 'New tire set for Freightliner Cascadia',                 '00000000-0000-0000-0000-000000000002', '2026-01-25'),
('9E000000-0000-0000-0000-000000000003', '12345678-1234-1234-1234-123456789012', 'a0000001-0000-0000-0000-000000000001', 'PO-2026-003', 'pending',   1850.00, 1850.00, 'Transmission rebuild kit for International LT',          '00000000-0000-0000-0000-000000000002', '2026-02-18'),
('9E000000-0000-0000-0000-000000000004', '12345678-1234-1234-1234-123456789012', 'a0000001-0000-0000-0000-000000000004', 'PO-2026-004', 'in_progress',  980.00, 980.00, 'GPS tracking unit upgrades x 3',                         '00000000-0000-0000-0000-000000000002', '2026-02-15'),
('9E000000-0000-0000-0000-000000000005', '12345678-1234-1234-1234-123456789012', 'a0000001-0000-0000-0000-000000000005', 'PO-2026-005', 'in_progress', 5500.00, 5500.00, 'Level 2 EVSE unit for HQ parking expansion',             '00000000-0000-0000-0000-000000000001', '2026-02-20');

-- ============================================================================
-- 21. PARTS INVENTORY — 15 common fleet parts
-- ============================================================================
INSERT INTO parts_inventory (id, tenant_id, part_number, name, category, quantity_on_hand, unit_cost, reorder_point, facility_id, location_in_warehouse, is_active) VALUES
('91000000-0000-0000-0000-000000000001', '12345678-1234-1234-1234-123456789012', 'OIL-5W30-SYN',  'Synthetic Motor Oil 5W-30 (5qt)',   'fluids',     24, 32.99, 10, '20000000-0000-0000-0000-000000000002', 'Maintenance Yard - Shelf A1', true),
('91000000-0000-0000-0000-000000000002', '12345678-1234-1234-1234-123456789012', 'OIL-15W40-DSL', 'Diesel Motor Oil 15W-40 (1gal)',    'fluids',     12, 45.99, 6,  '20000000-0000-0000-0000-000000000002', 'Maintenance Yard - Shelf A1', true),
('91000000-0000-0000-0000-000000000003', '12345678-1234-1234-1234-123456789012', 'FLT-OIL-001',   'Oil Filter (F-150/Transit)',        'filters',    18, 8.99,  8,  '20000000-0000-0000-0000-000000000002', 'Maintenance Yard - Shelf A2', true),
('91000000-0000-0000-0000-000000000004', '12345678-1234-1234-1234-123456789012', 'FLT-OIL-002',   'Oil Filter (Freightliner/Intl)',    'filters',    8,  18.50, 4,  '20000000-0000-0000-0000-000000000002', 'Maintenance Yard - Shelf A2', true),
('91000000-0000-0000-0000-000000000005', '12345678-1234-1234-1234-123456789012', 'FLT-AIR-001',   'Air Filter (Universal Medium)',     'filters',    15, 14.99, 6,  '20000000-0000-0000-0000-000000000002', 'Maintenance Yard - Shelf A2', true),
('91000000-0000-0000-0000-000000000006', '12345678-1234-1234-1234-123456789012', 'FLT-CAB-001',   'Cabin Air Filter (HEPA)',           'filters',    10, 22.99, 5,  '20000000-0000-0000-0000-000000000002', 'Maintenance Yard - Shelf A3', true),
('91000000-0000-0000-0000-000000000007', '12345678-1234-1234-1234-123456789012', 'BRK-PAD-FRT',   'Brake Pads Front (Light Truck)',    'brakes',     8,  65.00, 4,  '20000000-0000-0000-0000-000000000002', 'Maintenance Yard - Shelf B1', true),
('91000000-0000-0000-0000-000000000008', '12345678-1234-1234-1234-123456789012', 'BRK-PAD-RR',    'Brake Pads Rear (Light Truck)',     'brakes',     8,  55.00, 4,  '20000000-0000-0000-0000-000000000002', 'Maintenance Yard - Shelf B1', true),
('91000000-0000-0000-0000-000000000009', '12345678-1234-1234-1234-123456789012', 'BRK-ROT-FRT',   'Brake Rotor Front (Light Truck)',   'brakes',     4, 120.00, 2,  '20000000-0000-0000-0000-000000000002', 'Maintenance Yard - Shelf B2', true),
('91000000-0000-0000-0000-000000000010', '12345678-1234-1234-1234-123456789012', 'CLT-ELC-5GAL',  'Extended-Life Coolant (5gal)',      'fluids',     6,  48.99, 3,  '20000000-0000-0000-0000-000000000002', 'Maintenance Yard - Shelf A1', true),
('91000000-0000-0000-0000-000000000011', '12345678-1234-1234-1234-123456789012', 'WPR-BLD-22',    'Wiper Blades 22" (pair)',           'electrical', 12, 18.99, 6,  '20000000-0000-0000-0000-000000000002', 'Maintenance Yard - Shelf C1', true),
('91000000-0000-0000-0000-000000000012', '12345678-1234-1234-1234-123456789012', 'BAT-12V-GRP',   'Battery 12V Group 65 (700 CCA)',   'electrical', 4, 165.00, 2,  '20000000-0000-0000-0000-000000000002', 'Maintenance Yard - Shelf C2', true),
('91000000-0000-0000-0000-000000000013', '12345678-1234-1234-1234-123456789012', 'DEF-2.5GAL',    'Diesel Exhaust Fluid (2.5gal)',    'fluids',     20, 12.99, 8,  '20000000-0000-0000-0000-000000000002', 'Maintenance Yard - Shelf A1', true),
('91000000-0000-0000-0000-000000000014', '12345678-1234-1234-1234-123456789012', 'TRN-FLD-ATF',   'Transmission Fluid ATF (1qt)',     'fluids',     15, 9.99,  6,  '20000000-0000-0000-0000-000000000002', 'Maintenance Yard - Shelf A1', true),
('91000000-0000-0000-0000-000000000015', '12345678-1234-1234-1234-123456789012', 'LMP-H11-LED',   'LED Headlight Bulb H11',           'electrical', 10, 28.99, 4,  '20000000-0000-0000-0000-000000000002', 'Maintenance Yard - Shelf C1', true);

-- ============================================================================
-- 22. COMPLIANCE REQUIREMENTS — 8 regulatory requirements
-- ============================================================================
INSERT INTO compliance_requirements (id, tenant_id, requirement_code, requirement_name, category, description, regulatory_body, frequency, is_active) VALUES
('C0000000-0000-0000-0000-000000000001', '12345678-1234-1234-1234-123456789012', 'DOT-396.17', 'DOT Annual Vehicle Inspection',    'vehicle',    'Federal motor carrier safety regulations — 49 CFR 396.17', 'FMCSA',        'annual',       true),
('C0000000-0000-0000-0000-000000000002', '12345678-1234-1234-1234-123456789012', 'FMCSA-391', 'CDL Medical Certificate',          'driver',     'DOT physical examination and medical certificate',          'FMCSA',        'biennial',     true),
('C0000000-0000-0000-0000-000000000003', '12345678-1234-1234-1234-123456789012', 'FMCSA-395', 'Hours of Service (HOS)',           'driver',     'Electronic logging device compliance — 49 CFR Part 395',    'FMCSA',        'continuous',   true),
('C0000000-0000-0000-0000-000000000004', '12345678-1234-1234-1234-123456789012', 'DOT-40', 'Drug & Alcohol Testing',           'driver',     'DOT random drug and alcohol testing program',               'FMCSA/DOT',    'random',       true),
('C0000000-0000-0000-0000-000000000005', '12345678-1234-1234-1234-123456789012', 'FL-REG', 'Vehicle Registration Renewal',     'vehicle',    'Florida annual vehicle registration',                       'FL DHSMV',     'annual',       true),
('C0000000-0000-0000-0000-000000000006', '12345678-1234-1234-1234-123456789012', 'OSHA-GEN', 'OSHA Workplace Safety',            'facility',   'OSHA general industry and fleet safety standards',          'OSHA',         'continuous',   true),
('C0000000-0000-0000-0000-000000000007', '12345678-1234-1234-1234-123456789012', 'TSA-HAZ', 'Hazmat Endorsement',               'driver',     'Hazardous materials endorsement for CDL drivers',           'TSA/FMCSA',    'quinquennial', true),
('C0000000-0000-0000-0000-000000000008', '12345678-1234-1234-1234-123456789012', 'FL-INS', 'Fleet Insurance Requirements',     'fleet',      'Commercial auto liability and cargo insurance minimums',    'FL DOI',       'annual',       true);

-- ============================================================================
-- 23. COMPLIANCE RECORDS — 20 (2 per driver)
-- ============================================================================
INSERT INTO compliance_records (id, tenant_id, driver_id, requirement_id, status, due_date, completion_date, next_due_date, notes) VALUES
-- CDL Medical Certificates
('C2000000-0000-0000-0000-000000000001', '12345678-1234-1234-1234-123456789012', '30000000-0000-0000-0000-000000000001', 'C0000000-0000-0000-0000-000000000002', 'compliant', '2027-06-15', '2025-06-15',  '2027-06-15', 'DOT physical passed'),
('C2000000-0000-0000-0000-000000000002', '12345678-1234-1234-1234-123456789012', '30000000-0000-0000-0000-000000000002', 'C0000000-0000-0000-0000-000000000002', 'compliant', '2027-03-10', '2025-03-10',  '2027-03-10', 'DOT physical passed'),
('C2000000-0000-0000-0000-000000000003', '12345678-1234-1234-1234-123456789012', '30000000-0000-0000-0000-000000000003', 'C0000000-0000-0000-0000-000000000002', 'expiring_soon', '2026-11-30', '2024-11-30',  '2026-11-30', 'Due for renewal in 9 months'),
('C2000000-0000-0000-0000-000000000004', '12345678-1234-1234-1234-123456789012', '30000000-0000-0000-0000-000000000004', 'C0000000-0000-0000-0000-000000000002', 'compliant', '2027-08-10', '2025-08-10',  '2027-08-10', 'DOT physical passed'),
('C2000000-0000-0000-0000-000000000005', '12345678-1234-1234-1234-123456789012', '30000000-0000-0000-0000-000000000005', 'C0000000-0000-0000-0000-000000000002', 'compliant', '2027-02-28', '2025-02-28',  '2027-02-28', 'DOT physical passed'),
('C2000000-0000-0000-0000-000000000006', '12345678-1234-1234-1234-123456789012', '30000000-0000-0000-0000-000000000006', 'C0000000-0000-0000-0000-000000000002', 'compliant', '2027-09-15', '2025-09-15',  '2027-09-15', 'DOT physical passed'),
('C2000000-0000-0000-0000-000000000007', '12345678-1234-1234-1234-123456789012', '30000000-0000-0000-0000-000000000007', 'C0000000-0000-0000-0000-000000000002', 'compliant', '2027-12-31', '2025-12-31',  '2027-12-31', 'DOT physical passed'),
('C2000000-0000-0000-0000-000000000008', '12345678-1234-1234-1234-123456789012', '30000000-0000-0000-0000-000000000008', 'C0000000-0000-0000-0000-000000000002', 'compliant', '2027-06-30', '2025-06-30',  '2027-06-30', 'DOT physical passed'),
('C2000000-0000-0000-0000-000000000009', '12345678-1234-1234-1234-123456789012', '30000000-0000-0000-0000-000000000009', 'C0000000-0000-0000-0000-000000000002', 'compliant', '2027-04-15', '2025-04-15',  '2027-04-15', 'DOT physical passed'),
('C2000000-0000-0000-0000-000000000010', '12345678-1234-1234-1234-123456789012', '30000000-0000-0000-0000-000000000010', 'C0000000-0000-0000-0000-000000000002', 'compliant', '2027-07-20', '2025-07-20',  '2027-07-20', 'DOT physical passed'),
-- Drug & Alcohol Testing
('C2000000-0000-0000-0000-000000000011', '12345678-1234-1234-1234-123456789012', '30000000-0000-0000-0000-000000000001', 'C0000000-0000-0000-0000-000000000004', 'compliant', '2026-01-20', '2026-01-20', NULL,          'Random test — negative'),
('C2000000-0000-0000-0000-000000000012', '12345678-1234-1234-1234-123456789012', '30000000-0000-0000-0000-000000000002', 'C0000000-0000-0000-0000-000000000004', 'compliant', '2025-11-15', '2025-11-15', NULL,          'Random test — negative'),
('C2000000-0000-0000-0000-000000000013', '12345678-1234-1234-1234-123456789012', '30000000-0000-0000-0000-000000000003', 'C0000000-0000-0000-0000-000000000004', 'compliant', '2026-02-05', '2026-02-05', NULL,          'Random test — negative'),
('C2000000-0000-0000-0000-000000000014', '12345678-1234-1234-1234-123456789012', '30000000-0000-0000-0000-000000000004', 'C0000000-0000-0000-0000-000000000004', 'compliant', '2025-10-10', '2025-10-10', NULL,          'Random test — negative'),
('C2000000-0000-0000-0000-000000000015', '12345678-1234-1234-1234-123456789012', '30000000-0000-0000-0000-000000000005', 'C0000000-0000-0000-0000-000000000004', 'compliant', '2026-01-08', '2026-01-08', NULL,          'Random test — negative'),
('C2000000-0000-0000-0000-000000000016', '12345678-1234-1234-1234-123456789012', '30000000-0000-0000-0000-000000000006', 'C0000000-0000-0000-0000-000000000004', 'compliant', '2025-12-01', '2025-12-01', NULL,          'Random test — negative'),
('C2000000-0000-0000-0000-000000000017', '12345678-1234-1234-1234-123456789012', '30000000-0000-0000-0000-000000000007', 'C0000000-0000-0000-0000-000000000004', 'compliant', '2025-09-20', '2025-09-20', NULL,          'Random test — negative'),
('C2000000-0000-0000-0000-000000000018', '12345678-1234-1234-1234-123456789012', '30000000-0000-0000-0000-000000000008', 'C0000000-0000-0000-0000-000000000004', 'compliant', '2026-02-10', '2026-02-10', NULL,          'Random test — negative'),
('C2000000-0000-0000-0000-000000000019', '12345678-1234-1234-1234-123456789012', '30000000-0000-0000-0000-000000000009', 'C0000000-0000-0000-0000-000000000004', 'compliant', '2025-11-25', '2025-11-25', NULL,          'Random test — negative'),
('C2000000-0000-0000-0000-000000000020', '12345678-1234-1234-1234-123456789012', '30000000-0000-0000-0000-000000000010', 'C0000000-0000-0000-0000-000000000004', 'compliant', '2026-01-15', '2026-01-15', NULL,          'Random test — negative');

-- ============================================================================
-- 24. CERTIFICATIONS — 20 (CDL + Medical per driver)
-- ============================================================================
INSERT INTO certifications (id, tenant_id, driver_id, type, number, issuing_authority, issued_date, expiry_date, status, notes, metadata, created_at, updated_at) VALUES
-- CDL certifications (for CDL holders)
('C7000000-0000-0000-0000-000000000001', '12345678-1234-1234-1234-123456789012', '30000000-0000-0000-0000-000000000001', 'CDL Class A',       'CDL-FL-001001', 'Florida DHSMV',  '2021-06-15', '2029-06-15', 'active',  'Class A with tanker endorsement',  '{"endorsements":["T","N"]}'::jsonb,  NOW(), NOW()),
('C7000000-0000-0000-0000-000000000002', '12345678-1234-1234-1234-123456789012', '30000000-0000-0000-0000-000000000002', 'CDL Class A',       'CDL-FL-002002', 'Florida DHSMV',  '2020-03-10', '2028-03-10', 'active',  'Class A with hazmat endorsement',  '{"endorsements":["H","N","T"]}'::jsonb, NOW(), NOW()),
('C7000000-0000-0000-0000-000000000003', '12345678-1234-1234-1234-123456789012', '30000000-0000-0000-0000-000000000003', 'CDL Class A',       'CDL-FL-003003', 'Florida DHSMV',  '2019-08-22', '2027-08-22', 'active',  'Class A standard',                 '{"endorsements":["N"]}'::jsonb,      NOW(), NOW()),
('C7000000-0000-0000-0000-000000000004', '12345678-1234-1234-1234-123456789012', '30000000-0000-0000-0000-000000000005', 'CDL Class B',       'CDL-FL-005005', 'Florida DHSMV',  '2020-11-18', '2028-11-18', 'active',  'Class B for medium vehicles',      '{"endorsements":[]}'::jsonb,         NOW(), NOW()),
('C7000000-0000-0000-0000-000000000005', '12345678-1234-1234-1234-123456789012', '30000000-0000-0000-0000-000000000010', 'CDL Class A',       'CDL-FL-010010', 'Florida DHSMV',  '2021-02-14', '2029-02-14', 'active',  'Class A with doubles/triples',     '{"endorsements":["T"]}'::jsonb,      NOW(), NOW()),
-- DOT Medical Certificates (all drivers)
('C7000000-0000-0000-0000-000000000006', '12345678-1234-1234-1234-123456789012', '30000000-0000-0000-0000-000000000001', 'DOT Medical Card',  'MED-FL-001',    'Dr. Smith, FMCSA', '2025-06-15', '2027-06-15', 'active',  'Biennial DOT physical passed',     '{}'::jsonb, NOW(), NOW()),
('C7000000-0000-0000-0000-000000000007', '12345678-1234-1234-1234-123456789012', '30000000-0000-0000-0000-000000000002', 'DOT Medical Card',  'MED-FL-002',    'Dr. Smith, FMCSA', '2025-03-10', '2027-03-10', 'active',  'Biennial DOT physical passed',     '{}'::jsonb, NOW(), NOW()),
('C7000000-0000-0000-0000-000000000008', '12345678-1234-1234-1234-123456789012', '30000000-0000-0000-0000-000000000003', 'DOT Medical Card',  'MED-FL-003',    'Dr. Smith, FMCSA', '2024-11-30', '2026-11-30', 'active',  'Biennial DOT physical — renew by Nov', '{}'::jsonb, NOW(), NOW()),
('C7000000-0000-0000-0000-000000000009', '12345678-1234-1234-1234-123456789012', '30000000-0000-0000-0000-000000000004', 'DOT Medical Card',  'MED-FL-004',    'Dr. Jones, FMCSA', '2025-08-10', '2027-08-10', 'active',  'Biennial DOT physical passed',     '{}'::jsonb, NOW(), NOW()),
('C7000000-0000-0000-0000-000000000010', '12345678-1234-1234-1234-123456789012', '30000000-0000-0000-0000-000000000005', 'DOT Medical Card',  'MED-FL-005',    'Dr. Jones, FMCSA', '2025-02-28', '2027-02-28', 'active',  'Biennial DOT physical passed',     '{}'::jsonb, NOW(), NOW()),
('C7000000-0000-0000-0000-000000000011', '12345678-1234-1234-1234-123456789012', '30000000-0000-0000-0000-000000000006', 'DOT Medical Card',  'MED-FL-006',    'Dr. Jones, FMCSA', '2025-09-15', '2027-09-15', 'active',  'Biennial DOT physical passed',     '{}'::jsonb, NOW(), NOW()),
('C7000000-0000-0000-0000-000000000012', '12345678-1234-1234-1234-123456789012', '30000000-0000-0000-0000-000000000007', 'DOT Medical Card',  'MED-FL-007',    'Dr. Smith, FMCSA', '2025-12-31', '2027-12-31', 'active',  'Biennial DOT physical passed',     '{}'::jsonb, NOW(), NOW()),
('C7000000-0000-0000-0000-000000000013', '12345678-1234-1234-1234-123456789012', '30000000-0000-0000-0000-000000000008', 'DOT Medical Card',  'MED-FL-008',    'Dr. Smith, FMCSA', '2025-06-30', '2027-06-30', 'active',  'Biennial DOT physical passed',     '{}'::jsonb, NOW(), NOW()),
('C7000000-0000-0000-0000-000000000014', '12345678-1234-1234-1234-123456789012', '30000000-0000-0000-0000-000000000009', 'DOT Medical Card',  'MED-FL-009',    'Dr. Jones, FMCSA', '2025-04-15', '2027-04-15', 'active',  'Biennial DOT physical passed',     '{}'::jsonb, NOW(), NOW()),
('C7000000-0000-0000-0000-000000000015', '12345678-1234-1234-1234-123456789012', '30000000-0000-0000-0000-000000000010', 'DOT Medical Card',  'MED-FL-010',    'Dr. Jones, FMCSA', '2025-07-20', '2027-07-20', 'active',  'Biennial DOT physical passed',     '{}'::jsonb, NOW(), NOW()),
-- Specialized certifications
('C7000000-0000-0000-0000-000000000016', '12345678-1234-1234-1234-123456789012', '30000000-0000-0000-0000-000000000002', 'Hazmat',            'HAZ-FL-002',    'TSA/FMCSA',        '2023-05-01', '2028-05-01', 'active',  'Hazmat endorsement — TSA cleared', '{"background_check":"cleared"}'::jsonb, NOW(), NOW()),
('C7000000-0000-0000-0000-000000000017', '12345678-1234-1234-1234-123456789012', '30000000-0000-0000-0000-000000000001', 'Defensive Driving', 'DD-CTA-001',    'NSC',              '2025-09-01', '2028-09-01', 'active',  'National Safety Council cert',     '{}'::jsonb, NOW(), NOW()),
('C7000000-0000-0000-0000-000000000018', '12345678-1234-1234-1234-123456789012', '30000000-0000-0000-0000-000000000009', 'EV Safety',         'EV-CTA-009',    'CTA Fleet',        '2024-07-15', '2026-07-15', 'active',  'High-voltage safety certification','{"voltage_class":"HV"}'::jsonb, NOW(), NOW()),
('C7000000-0000-0000-0000-000000000019', '12345678-1234-1234-1234-123456789012', '30000000-0000-0000-0000-000000000010', 'EV Safety',         'EV-CTA-010',    'CTA Fleet',        '2024-08-01', '2026-08-01', 'active',  'High-voltage safety certification','{"voltage_class":"HV"}'::jsonb, NOW(), NOW()),
('C7000000-0000-0000-0000-000000000020', '12345678-1234-1234-1234-123456789012', '30000000-0000-0000-0000-000000000008', 'First Aid/CPR',     'FA-CTA-008',    'American Red Cross','2025-10-01', '2027-10-01', 'active',  'First Aid/CPR/AED certified',      '{}'::jsonb, NOW(), NOW());

-- ============================================================================
-- 25. TRAINING COURSES — 10 courses
-- ============================================================================
INSERT INTO training_courses (id, tenant_id, course_name, description, category, duration_hours, required, provider, status, created_at, updated_at) VALUES
(100, '12345678-1234-1234-1234-123456789012', 'Defensive Driving Fundamentals',  'NSC defensive driving techniques and hazard recognition', 'safety',     8,  true,  'National Safety Council',     'active', NOW(), NOW()),
(101, '12345678-1234-1234-1234-123456789012', 'DOT HOS Regulations',             'Hours of Service rules and ELD compliance',               'compliance', 4,  true,  'CTA Fleet Training',          'active', NOW(), NOW()),
(102, '12345678-1234-1234-1234-123456789012', 'Hazmat Handling & Safety',         'Hazardous materials transportation safety procedures',    'safety',     16, false, 'FMCSA Approved Provider',     'active', NOW(), NOW()),
(103, '12345678-1234-1234-1234-123456789012', 'Pre-Trip Inspection Mastery',      'Comprehensive pre-trip and post-trip inspection procedures','operations', 4, true,  'CTA Fleet Training',          'active', NOW(), NOW()),
(104, '12345678-1234-1234-1234-123456789012', 'Fuel-Efficient Driving',           'Eco-driving techniques to reduce fuel consumption',       'operations', 2,  false, 'CTA Fleet Training',          'active', NOW(), NOW()),
(105, '12345678-1234-1234-1234-123456789012', 'Winter/Severe Weather Driving',    'Safe driving in adverse weather conditions',              'safety',     4,  true,  'CTA Fleet Training',          'active', NOW(), NOW()),
(106, '12345678-1234-1234-1234-123456789012', 'EV Operations & Charging',         'Electric vehicle operation, charging, and emergency procedures','technology', 6, false,'EV Training Solutions',       'active', NOW(), NOW()),
(107, '12345678-1234-1234-1234-123456789012', 'Workplace Harassment Prevention',  'Annual workplace harassment and discrimination prevention','hr',         2,  true,  'HR Compliance Training Inc',  'active', NOW(), NOW()),
(108, '12345678-1234-1234-1234-123456789012', 'Cargo Securement',                 'Proper cargo loading, securing, and weight distribution', 'operations', 4,  true,  'CTA Fleet Training',          'active', NOW(), NOW()),
(109, '12345678-1234-1234-1234-123456789012', 'First Aid & Emergency Response',   'Basic first aid, CPR, AED use, and emergency procedures','safety',     8,  false, 'American Red Cross',          'active', NOW(), NOW());

-- ============================================================================
-- 26. TRAINING PROGRESS — 30 (3 per driver)
-- ============================================================================
INSERT INTO training_progress (tenant_id, driver_id, course_id, status, progress_percent, started_at, completed_at, score) VALUES
-- James Brown
('12345678-1234-1234-1234-123456789012', '30000000-0000-0000-0000-000000000001', 100, 'completed',   100, '2025-09-01', '2025-09-01', 92),
('12345678-1234-1234-1234-123456789012', '30000000-0000-0000-0000-000000000001', 101, 'completed',   100, '2025-10-15', '2025-10-15', 88),
('12345678-1234-1234-1234-123456789012', '30000000-0000-0000-0000-000000000001', 107, 'in_progress', 60,  '2026-02-15', NULL,          NULL),
-- Maria Rodriguez
('12345678-1234-1234-1234-123456789012', '30000000-0000-0000-0000-000000000002', 100, 'completed',   100, '2025-08-20', '2025-08-20', 98),
('12345678-1234-1234-1234-123456789012', '30000000-0000-0000-0000-000000000002', 102, 'completed',   100, '2025-05-10', '2025-05-11', 95),
('12345678-1234-1234-1234-123456789012', '30000000-0000-0000-0000-000000000002', 108, 'completed',   100, '2025-11-01', '2025-11-01', 90),
-- William Jones
('12345678-1234-1234-1234-123456789012', '30000000-0000-0000-0000-000000000003', 100, 'completed',   100, '2025-07-15', '2025-07-15', 82),
('12345678-1234-1234-1234-123456789012', '30000000-0000-0000-0000-000000000003', 101, 'completed',   100, '2025-08-20', '2025-08-20', 80),
('12345678-1234-1234-1234-123456789012', '30000000-0000-0000-0000-000000000003', 105, 'in_progress', 45,  '2026-02-10', NULL,          NULL),
-- Patricia Martinez
('12345678-1234-1234-1234-123456789012', '30000000-0000-0000-0000-000000000004', 100, 'completed',   100, '2025-10-01', '2025-10-01', 90),
('12345678-1234-1234-1234-123456789012', '30000000-0000-0000-0000-000000000004', 103, 'completed',   100, '2025-11-15', '2025-11-15', 88),
('12345678-1234-1234-1234-123456789012', '30000000-0000-0000-0000-000000000004', 104, 'completed',   100, '2025-12-01', '2025-12-01', 85),
-- Michael Anderson
('12345678-1234-1234-1234-123456789012', '30000000-0000-0000-0000-000000000005', 100, 'completed',   100, '2025-06-10', '2025-06-10', 86),
('12345678-1234-1234-1234-123456789012', '30000000-0000-0000-0000-000000000005', 101, 'completed',   100, '2025-07-20', '2025-07-20', 84),
('12345678-1234-1234-1234-123456789012', '30000000-0000-0000-0000-000000000005', 108, 'in_progress', 75,  '2026-02-01', NULL,          NULL),
-- Linda Taylor
('12345678-1234-1234-1234-123456789012', '30000000-0000-0000-0000-000000000006', 100, 'completed',   100, '2025-11-05', '2025-11-05', 96),
('12345678-1234-1234-1234-123456789012', '30000000-0000-0000-0000-000000000006', 104, 'completed',   100, '2025-12-10', '2025-12-10', 92),
('12345678-1234-1234-1234-123456789012', '30000000-0000-0000-0000-000000000006', 107, 'completed',   100, '2026-01-15', '2026-01-15', 94),
-- Charles Thomas
('12345678-1234-1234-1234-123456789012', '30000000-0000-0000-0000-000000000007', 100, 'completed',   100, '2025-09-15', '2025-09-15', 78),
('12345678-1234-1234-1234-123456789012', '30000000-0000-0000-0000-000000000007', 103, 'completed',   100, '2025-10-20', '2025-10-20', 80),
('12345678-1234-1234-1234-123456789012', '30000000-0000-0000-0000-000000000007', 105, 'not_started', 0,   NULL,          NULL,          NULL),
-- Elizabeth Jackson
('12345678-1234-1234-1234-123456789012', '30000000-0000-0000-0000-000000000008', 100, 'completed',   100, '2025-08-01', '2025-08-01', 91),
('12345678-1234-1234-1234-123456789012', '30000000-0000-0000-0000-000000000008', 109, 'completed',   100, '2025-10-01', '2025-10-02', 94),
('12345678-1234-1234-1234-123456789012', '30000000-0000-0000-0000-000000000008', 107, 'in_progress', 50,  '2026-02-18', NULL,          NULL),
-- Daniel White
('12345678-1234-1234-1234-123456789012', '30000000-0000-0000-0000-000000000009', 100, 'completed',   100, '2025-07-01', '2025-07-01', 97),
('12345678-1234-1234-1234-123456789012', '30000000-0000-0000-0000-000000000009', 106, 'completed',   100, '2024-07-15', '2024-07-16', 96),
('12345678-1234-1234-1234-123456789012', '30000000-0000-0000-0000-000000000009', 104, 'completed',   100, '2025-11-20', '2025-11-20', 98),
-- Barbara Harris
('12345678-1234-1234-1234-123456789012', '30000000-0000-0000-0000-000000000010', 100, 'completed',   100, '2025-06-15', '2025-06-15', 88),
('12345678-1234-1234-1234-123456789012', '30000000-0000-0000-0000-000000000010', 106, 'completed',   100, '2024-08-01', '2024-08-02', 90),
('12345678-1234-1234-1234-123456789012', '30000000-0000-0000-0000-000000000010', 101, 'in_progress', 80,  '2026-02-05', NULL,          NULL);

-- ============================================================================
-- 27. POLICY TEMPLATES — 8 fleet policies (referenced by policy_acknowledgments)
-- ============================================================================
INSERT INTO policy_templates (id, tenant_id, policy_code, policy_name, policy_category, policy_objective, policy_scope, policy_content, version, effective_date, status, is_mandatory) VALUES
('97000000-0000-0000-0000-000000000001', '12345678-1234-1234-1234-123456789012', 'OPS-VEH-001', 'Vehicle Use Policy',              'Operations',  'Govern proper use of CTA fleet vehicles for authorized business purposes',        'All CTA fleet drivers and vehicles regardless of ownership',                   'All CTA fleet vehicles must be used exclusively for authorized business purposes...', '2.1', '2025-01-01', 'Active', true),
('97000000-0000-0000-0000-000000000002', '12345678-1234-1234-1234-123456789012', 'SAF-RPT-001', 'Safety and Accident Reporting',   'Safety',      'Establish procedures for reporting accidents, incidents, and near-misses',         'All employees operating CTA fleet vehicles or present at fleet facilities',    'All incidents must be reported within 24 hours to the Operations Lead...', '1.5', '2025-01-01', 'Active', true),
('97000000-0000-0000-0000-000000000003', '12345678-1234-1234-1234-123456789012', 'CMP-DAP-001', 'Drug and Alcohol Policy',         'Compliance',  'Maintain a drug and alcohol-free workplace compliant with DOT/FMCSA regulations', 'All safety-sensitive employees including drivers, mechanics, and dispatchers',  'CTA Fleet maintains a zero-tolerance drug and alcohol policy...', '3.0', '2025-01-01', 'Active', true),
('97000000-0000-0000-0000-000000000004', '12345678-1234-1234-1234-123456789012', 'CMP-HOS-001', 'Hours of Service Compliance',     'Compliance',  'Ensure ELD usage and HOS compliance for commercial motor vehicle operators',      'All drivers operating commercial motor vehicles (CMVs)',                       'All drivers operating commercial motor vehicles must comply with FMCSA HOS regulations...', '2.0', '2025-01-01', 'Active', true),
('97000000-0000-0000-0000-000000000005', '12345678-1234-1234-1234-123456789012', 'SAF-PPE-001', 'Personal Protective Equipment',   'Safety',      'Protect employees from workplace hazards through proper PPE use',                 'All employees exposed to workplace hazards in maintenance and field operations','All maintenance personnel must wear appropriate PPE including safety glasses, steel-toe boots...', '1.2', '2025-06-01', 'Active', true),
('97000000-0000-0000-0000-000000000006', '12345678-1234-1234-1234-123456789012', 'OPS-FUL-001', 'Fuel Card Usage Policy',          'Operations',  'Ensure proper use and reconciliation of fleet fuel cards',                         'All drivers and fleet managers with assigned fuel cards',                      'Fleet fuel cards are to be used only for authorized fuel purchases for assigned vehicles...', '1.0', '2025-01-01', 'Active', true),
('97000000-0000-0000-0000-000000000007', '12345678-1234-1234-1234-123456789012', 'OPS-EVC-001', 'EV Charging Protocol',            'Operations',  'Establish procedures for safe and efficient charging of electric fleet vehicles',  'All employees assigned to or operating electric fleet vehicles',               'Electric vehicles must be charged at CTA-approved charging stations...', '1.0', '2025-03-01', 'Active', true),
('97000000-0000-0000-0000-000000000008', '12345678-1234-1234-1234-123456789012', 'SAF-DDP-001', 'Distracted Driving Prevention',   'Safety',      'Prevent cell phone use and distractions while operating fleet vehicles',           'All employees operating CTA fleet vehicles',                                  'Use of personal electronic devices while operating a CTA fleet vehicle is strictly prohibited...', '2.0', '2025-01-01', 'Active', true);

-- ============================================================================
-- 28. POLICY ACKNOWLEDGMENTS — 20 (2 per driver)
-- ============================================================================
INSERT INTO policy_acknowledgments (id, tenant_id, policy_id, employee_number, acknowledged_at, acknowledgment_method, test_taken, test_score, test_passed, training_completed, is_current) VALUES
('9A000000-0000-0000-0000-000000000001', '12345678-1234-1234-1234-123456789012', '97000000-0000-0000-0000-000000000001', '30000000-0000-0000-0000-000000000001', '2025-01-15 09:00:00', 'Electronic', true,  92, true,  true,  true),
('9A000000-0000-0000-0000-000000000002', '12345678-1234-1234-1234-123456789012', '97000000-0000-0000-0000-000000000002', '30000000-0000-0000-0000-000000000001', '2025-01-15 09:30:00', 'Electronic', true,  88, true,  true,  true),
('9A000000-0000-0000-0000-000000000003', '12345678-1234-1234-1234-123456789012', '97000000-0000-0000-0000-000000000001', '30000000-0000-0000-0000-000000000002', '2025-01-15 10:00:00', 'Electronic', true,  95, true,  true,  true),
('9A000000-0000-0000-0000-000000000004', '12345678-1234-1234-1234-123456789012', '97000000-0000-0000-0000-000000000003', '30000000-0000-0000-0000-000000000002', '2025-01-15 10:30:00', 'Electronic', true, 100, true,  true,  true),
('9A000000-0000-0000-0000-000000000005', '12345678-1234-1234-1234-123456789012', '97000000-0000-0000-0000-000000000001', '30000000-0000-0000-0000-000000000003', '2025-01-16 09:00:00', 'Electronic', true,  80, true,  true,  true),
('9A000000-0000-0000-0000-000000000006', '12345678-1234-1234-1234-123456789012', '97000000-0000-0000-0000-000000000004', '30000000-0000-0000-0000-000000000003', '2025-01-16 09:30:00', 'Electronic', true,  85, true,  true,  true),
('9A000000-0000-0000-0000-000000000007', '12345678-1234-1234-1234-123456789012', '97000000-0000-0000-0000-000000000001', '30000000-0000-0000-0000-000000000004', '2025-01-16 10:00:00', 'Electronic', true,  90, true,  true,  true),
('9A000000-0000-0000-0000-000000000008', '12345678-1234-1234-1234-123456789012', '97000000-0000-0000-0000-000000000008', '30000000-0000-0000-0000-000000000004', '2025-01-16 10:30:00', 'Electronic', true,  88, true,  true,  true),
('9A000000-0000-0000-0000-000000000009', '12345678-1234-1234-1234-123456789012', '97000000-0000-0000-0000-000000000001', '30000000-0000-0000-0000-000000000005', '2025-01-17 09:00:00', 'Electronic', true,  82, true,  true,  true),
('9A000000-0000-0000-0000-000000000010', '12345678-1234-1234-1234-123456789012', '97000000-0000-0000-0000-000000000006', '30000000-0000-0000-0000-000000000005', '2025-01-17 09:30:00', 'Electronic', true,  90, true,  true,  true),
('9A000000-0000-0000-0000-000000000011', '12345678-1234-1234-1234-123456789012', '97000000-0000-0000-0000-000000000001', '30000000-0000-0000-0000-000000000006', '2025-01-17 10:00:00', 'Electronic', true,  95, true,  true,  true),
('9A000000-0000-0000-0000-000000000012', '12345678-1234-1234-1234-123456789012', '97000000-0000-0000-0000-000000000008', '30000000-0000-0000-0000-000000000006', '2025-01-17 10:30:00', 'Electronic', true,  92, true,  true,  true),
('9A000000-0000-0000-0000-000000000013', '12345678-1234-1234-1234-123456789012', '97000000-0000-0000-0000-000000000001', '30000000-0000-0000-0000-000000000007', '2025-01-18 09:00:00', 'Electronic', true,  78, true,  true,  true),
('9A000000-0000-0000-0000-000000000014', '12345678-1234-1234-1234-123456789012', '97000000-0000-0000-0000-000000000002', '30000000-0000-0000-0000-000000000007', '2025-01-18 09:30:00', 'Electronic', true,  80, true,  true,  true),
('9A000000-0000-0000-0000-000000000015', '12345678-1234-1234-1234-123456789012', '97000000-0000-0000-0000-000000000001', '30000000-0000-0000-0000-000000000008', '2025-01-18 10:00:00', 'Electronic', true,  91, true,  true,  true),
('9A000000-0000-0000-0000-000000000016', '12345678-1234-1234-1234-123456789012', '97000000-0000-0000-0000-000000000005', '30000000-0000-0000-0000-000000000008', '2025-06-15 10:00:00', 'Electronic', true,  94, true,  true,  true),
('9A000000-0000-0000-0000-000000000017', '12345678-1234-1234-1234-123456789012', '97000000-0000-0000-0000-000000000001', '30000000-0000-0000-0000-000000000009', '2025-01-19 09:00:00', 'Electronic', true,  97, true,  true,  true),
('9A000000-0000-0000-0000-000000000018', '12345678-1234-1234-1234-123456789012', '97000000-0000-0000-0000-000000000007', '30000000-0000-0000-0000-000000000009', '2025-03-15 09:00:00', 'Electronic', true,  98, true,  true,  true),
('9A000000-0000-0000-0000-000000000019', '12345678-1234-1234-1234-123456789012', '97000000-0000-0000-0000-000000000001', '30000000-0000-0000-0000-000000000010', '2025-01-19 10:00:00', 'Electronic', true,  86, true,  true,  true),
('9A000000-0000-0000-0000-000000000020', '12345678-1234-1234-1234-123456789012', '97000000-0000-0000-0000-000000000007', '30000000-0000-0000-0000-000000000010', '2025-03-15 10:00:00', 'Electronic', true,  90, true,  true,  true);

-- ============================================================================
-- 29. DOCUMENTS — ~96 (5/vehicle + 4/driver + 6 system-wide)
-- Trigger disabled at top of script due to broken search_vector trigger
-- ============================================================================
-- Vehicle documents (5 per vehicle = 50)
INSERT INTO documents (id, tenant_id, name, type, category, file_url, file_size, mime_type, version, is_public, uploaded_by_id, vehicle_id, title, file_name, document_type) VALUES
-- CTA-001
('D0000000-0000-0000-0000-000000000001', '12345678-1234-1234-1234-123456789012', 'CTA-001 Registration',     'certification', 'vehicle', '/documents/vehicles/cta-001-registration.pdf',     245000, 'application/pdf', 1, false, '00000000-0000-0000-0000-000000000002', '40000000-0000-0000-0000-000000000001', 'Vehicle Registration — CTA-001',        'cta-001-registration.pdf',     'registration'),
('D0000000-0000-0000-0000-000000000002', '12345678-1234-1234-1234-123456789012', 'CTA-001 Insurance',        'contract', 'vehicle', '/documents/vehicles/cta-001-insurance.pdf',        312000, 'application/pdf', 1, false, '00000000-0000-0000-0000-000000000002', '40000000-0000-0000-0000-000000000001', 'Insurance Certificate — CTA-001',       'cta-001-insurance.pdf',        'insurance'),
('D0000000-0000-0000-0000-000000000003', '12345678-1234-1234-1234-123456789012', 'CTA-001 Inspection Report','report', 'vehicle', '/documents/vehicles/cta-001-inspection.pdf',       425000, 'application/pdf', 1, false, '00000000-0000-0000-0000-000000000002', '40000000-0000-0000-0000-000000000001', 'Annual Inspection Report — CTA-001',    'cta-001-inspection.pdf',       'inspection'),
('D0000000-0000-0000-0000-000000000004', '12345678-1234-1234-1234-123456789012', 'CTA-001 Maint History',    'report', 'vehicle', '/documents/vehicles/cta-001-maintenance.pdf',      560000, 'application/pdf', 1, false, '00000000-0000-0000-0000-000000000002', '40000000-0000-0000-0000-000000000001', 'Maintenance History — CTA-001',         'cta-001-maintenance.pdf',      'maintenance'),
('D0000000-0000-0000-0000-000000000005', '12345678-1234-1234-1234-123456789012', 'CTA-001 Title',            'form', 'vehicle', '/documents/vehicles/cta-001-title.pdf',            180000, 'application/pdf', 1, false, '00000000-0000-0000-0000-000000000002', '40000000-0000-0000-0000-000000000001', 'Vehicle Title — CTA-001',               'cta-001-title.pdf',            'other'),
-- CTA-002
('D0000000-0000-0000-0000-000000000006', '12345678-1234-1234-1234-123456789012', 'CTA-002 Registration',     'certification', 'vehicle', '/documents/vehicles/cta-002-registration.pdf',     248000, 'application/pdf', 1, false, '00000000-0000-0000-0000-000000000002', '40000000-0000-0000-0000-000000000002', 'Vehicle Registration — CTA-002',        'cta-002-registration.pdf',     'registration'),
('D0000000-0000-0000-0000-000000000007', '12345678-1234-1234-1234-123456789012', 'CTA-002 Insurance',        'contract', 'vehicle', '/documents/vehicles/cta-002-insurance.pdf',        315000, 'application/pdf', 1, false, '00000000-0000-0000-0000-000000000002', '40000000-0000-0000-0000-000000000002', 'Insurance Certificate — CTA-002',       'cta-002-insurance.pdf',        'insurance'),
('D0000000-0000-0000-0000-000000000008', '12345678-1234-1234-1234-123456789012', 'CTA-002 DOT Inspection',   'report', 'vehicle', '/documents/vehicles/cta-002-dot-inspection.pdf',   520000, 'application/pdf', 1, false, '00000000-0000-0000-0000-000000000002', '40000000-0000-0000-0000-000000000002', 'DOT Inspection Report — CTA-002',       'cta-002-dot-inspection.pdf',   'inspection'),
('D0000000-0000-0000-0000-000000000009', '12345678-1234-1234-1234-123456789012', 'CTA-002 Maint History',    'report', 'vehicle', '/documents/vehicles/cta-002-maintenance.pdf',      680000, 'application/pdf', 1, false, '00000000-0000-0000-0000-000000000002', '40000000-0000-0000-0000-000000000002', 'Maintenance History — CTA-002',         'cta-002-maintenance.pdf',      'maintenance'),
('D0000000-0000-0000-0000-000000000010', '12345678-1234-1234-1234-123456789012', 'CTA-002 Title',            'form', 'vehicle', '/documents/vehicles/cta-002-title.pdf',            195000, 'application/pdf', 1, false, '00000000-0000-0000-0000-000000000002', '40000000-0000-0000-0000-000000000002', 'Vehicle Title — CTA-002',               'cta-002-title.pdf',            'other'),
-- CTA-003
('D0000000-0000-0000-0000-000000000011', '12345678-1234-1234-1234-123456789012', 'CTA-003 Registration',     'certification', 'vehicle', '/documents/vehicles/cta-003-registration.pdf',     250000, 'application/pdf', 1, false, '00000000-0000-0000-0000-000000000002', '40000000-0000-0000-0000-000000000003', 'Vehicle Registration — CTA-003',        'cta-003-registration.pdf',     'registration'),
('D0000000-0000-0000-0000-000000000012', '12345678-1234-1234-1234-123456789012', 'CTA-003 Insurance',        'contract', 'vehicle', '/documents/vehicles/cta-003-insurance.pdf',        310000, 'application/pdf', 1, false, '00000000-0000-0000-0000-000000000002', '40000000-0000-0000-0000-000000000003', 'Insurance Certificate — CTA-003',       'cta-003-insurance.pdf',        'insurance'),
('D0000000-0000-0000-0000-000000000013', '12345678-1234-1234-1234-123456789012', 'CTA-003 Inspection Report','report', 'vehicle', '/documents/vehicles/cta-003-inspection.pdf',       440000, 'application/pdf', 1, false, '00000000-0000-0000-0000-000000000002', '40000000-0000-0000-0000-000000000003', 'DOT Inspection Report — CTA-003',       'cta-003-inspection.pdf',       'inspection'),
('D0000000-0000-0000-0000-000000000014', '12345678-1234-1234-1234-123456789012', 'CTA-003 Maint History',    'report', 'vehicle', '/documents/vehicles/cta-003-maintenance.pdf',      590000, 'application/pdf', 1, false, '00000000-0000-0000-0000-000000000002', '40000000-0000-0000-0000-000000000003', 'Maintenance History — CTA-003',         'cta-003-maintenance.pdf',      'maintenance'),
('D0000000-0000-0000-0000-000000000015', '12345678-1234-1234-1234-123456789012', 'CTA-003 Title',            'form', 'vehicle', '/documents/vehicles/cta-003-title.pdf',            185000, 'application/pdf', 1, false, '00000000-0000-0000-0000-000000000002', '40000000-0000-0000-0000-000000000003', 'Vehicle Title — CTA-003',               'cta-003-title.pdf',            'other'),
-- CTA-004
('D0000000-0000-0000-0000-000000000016', '12345678-1234-1234-1234-123456789012', 'CTA-004 Registration',     'certification', 'vehicle', '/documents/vehicles/cta-004-registration.pdf',     242000, 'application/pdf', 1, false, '00000000-0000-0000-0000-000000000002', '40000000-0000-0000-0000-000000000004', 'Vehicle Registration — CTA-004',        'cta-004-registration.pdf',     'registration'),
('D0000000-0000-0000-0000-000000000017', '12345678-1234-1234-1234-123456789012', 'CTA-004 Insurance',        'contract', 'vehicle', '/documents/vehicles/cta-004-insurance.pdf',        308000, 'application/pdf', 1, false, '00000000-0000-0000-0000-000000000002', '40000000-0000-0000-0000-000000000004', 'Insurance Certificate — CTA-004',       'cta-004-insurance.pdf',        'insurance'),
('D0000000-0000-0000-0000-000000000018', '12345678-1234-1234-1234-123456789012', 'CTA-004 Inspection Report','report', 'vehicle', '/documents/vehicles/cta-004-inspection.pdf',       410000, 'application/pdf', 1, false, '00000000-0000-0000-0000-000000000002', '40000000-0000-0000-0000-000000000004', 'Annual Inspection Report — CTA-004',    'cta-004-inspection.pdf',       'inspection'),
('D0000000-0000-0000-0000-000000000019', '12345678-1234-1234-1234-123456789012', 'CTA-004 Maint History',    'report', 'vehicle', '/documents/vehicles/cta-004-maintenance.pdf',      480000, 'application/pdf', 1, false, '00000000-0000-0000-0000-000000000002', '40000000-0000-0000-0000-000000000004', 'Maintenance History — CTA-004',         'cta-004-maintenance.pdf',      'maintenance'),
('D0000000-0000-0000-0000-000000000020', '12345678-1234-1234-1234-123456789012', 'CTA-004 Title',            'form', 'vehicle', '/documents/vehicles/cta-004-title.pdf',            176000, 'application/pdf', 1, false, '00000000-0000-0000-0000-000000000002', '40000000-0000-0000-0000-000000000004', 'Vehicle Title — CTA-004',               'cta-004-title.pdf',            'other'),
-- CTA-005
('D0000000-0000-0000-0000-000000000021', '12345678-1234-1234-1234-123456789012', 'CTA-005 Registration',     'certification', 'vehicle', '/documents/vehicles/cta-005-registration.pdf',     246000, 'application/pdf', 1, false, '00000000-0000-0000-0000-000000000002', '40000000-0000-0000-0000-000000000005', 'Vehicle Registration — CTA-005',        'cta-005-registration.pdf',     'registration'),
('D0000000-0000-0000-0000-000000000022', '12345678-1234-1234-1234-123456789012', 'CTA-005 Insurance',        'contract', 'vehicle', '/documents/vehicles/cta-005-insurance.pdf',        314000, 'application/pdf', 1, false, '00000000-0000-0000-0000-000000000002', '40000000-0000-0000-0000-000000000005', 'Insurance Certificate — CTA-005',       'cta-005-insurance.pdf',        'insurance'),
('D0000000-0000-0000-0000-000000000023', '12345678-1234-1234-1234-123456789012', 'CTA-005 Inspection Report','report', 'vehicle', '/documents/vehicles/cta-005-inspection.pdf',       430000, 'application/pdf', 1, false, '00000000-0000-0000-0000-000000000002', '40000000-0000-0000-0000-000000000005', 'Annual Inspection Report — CTA-005',    'cta-005-inspection.pdf',       'inspection'),
('D0000000-0000-0000-0000-000000000024', '12345678-1234-1234-1234-123456789012', 'CTA-005 Maint History',    'report', 'vehicle', '/documents/vehicles/cta-005-maintenance.pdf',      520000, 'application/pdf', 1, false, '00000000-0000-0000-0000-000000000002', '40000000-0000-0000-0000-000000000005', 'Maintenance History — CTA-005',         'cta-005-maintenance.pdf',      'maintenance'),
('D0000000-0000-0000-0000-000000000025', '12345678-1234-1234-1234-123456789012', 'CTA-005 Title',            'form', 'vehicle', '/documents/vehicles/cta-005-title.pdf',            182000, 'application/pdf', 1, false, '00000000-0000-0000-0000-000000000002', '40000000-0000-0000-0000-000000000005', 'Vehicle Title — CTA-005',               'cta-005-title.pdf',            'other'),
-- CTA-006
('D0000000-0000-0000-0000-000000000026', '12345678-1234-1234-1234-123456789012', 'CTA-006 Registration',     'certification', 'vehicle', '/documents/vehicles/cta-006-registration.pdf',     240000, 'application/pdf', 1, false, '00000000-0000-0000-0000-000000000002', '40000000-0000-0000-0000-000000000006', 'Vehicle Registration — CTA-006',        'cta-006-registration.pdf',     'registration'),
('D0000000-0000-0000-0000-000000000027', '12345678-1234-1234-1234-123456789012', 'CTA-006 Insurance',        'contract', 'vehicle', '/documents/vehicles/cta-006-insurance.pdf',        305000, 'application/pdf', 1, false, '00000000-0000-0000-0000-000000000002', '40000000-0000-0000-0000-000000000006', 'Insurance Certificate — CTA-006',       'cta-006-insurance.pdf',        'insurance'),
('D0000000-0000-0000-0000-000000000028', '12345678-1234-1234-1234-123456789012', 'CTA-006 Inspection Report','report', 'vehicle', '/documents/vehicles/cta-006-inspection.pdf',       400000, 'application/pdf', 1, false, '00000000-0000-0000-0000-000000000002', '40000000-0000-0000-0000-000000000006', 'Annual Inspection Report — CTA-006',    'cta-006-inspection.pdf',       'inspection'),
('D0000000-0000-0000-0000-000000000029', '12345678-1234-1234-1234-123456789012', 'CTA-006 Maint History',    'report', 'vehicle', '/documents/vehicles/cta-006-maintenance.pdf',      450000, 'application/pdf', 1, false, '00000000-0000-0000-0000-000000000002', '40000000-0000-0000-0000-000000000006', 'Maintenance History — CTA-006',         'cta-006-maintenance.pdf',      'maintenance'),
('D0000000-0000-0000-0000-000000000030', '12345678-1234-1234-1234-123456789012', 'CTA-006 Title',            'form', 'vehicle', '/documents/vehicles/cta-006-title.pdf',            172000, 'application/pdf', 1, false, '00000000-0000-0000-0000-000000000002', '40000000-0000-0000-0000-000000000006', 'Vehicle Title — CTA-006',               'cta-006-title.pdf',            'other'),
-- CTA-007
('D0000000-0000-0000-0000-000000000031', '12345678-1234-1234-1234-123456789012', 'CTA-007 Registration',     'certification', 'vehicle', '/documents/vehicles/cta-007-registration.pdf',     238000, 'application/pdf', 1, false, '00000000-0000-0000-0000-000000000002', '40000000-0000-0000-0000-000000000007', 'Vehicle Registration — CTA-007',        'cta-007-registration.pdf',     'registration'),
('D0000000-0000-0000-0000-000000000032', '12345678-1234-1234-1234-123456789012', 'CTA-007 Insurance',        'contract', 'vehicle', '/documents/vehicles/cta-007-insurance.pdf',        302000, 'application/pdf', 1, false, '00000000-0000-0000-0000-000000000002', '40000000-0000-0000-0000-000000000007', 'Insurance Certificate — CTA-007',       'cta-007-insurance.pdf',        'insurance'),
('D0000000-0000-0000-0000-000000000033', '12345678-1234-1234-1234-123456789012', 'CTA-007 Inspection Report','report', 'vehicle', '/documents/vehicles/cta-007-inspection.pdf',       395000, 'application/pdf', 1, false, '00000000-0000-0000-0000-000000000002', '40000000-0000-0000-0000-000000000007', 'Annual Inspection Report — CTA-007',    'cta-007-inspection.pdf',       'inspection'),
('D0000000-0000-0000-0000-000000000034', '12345678-1234-1234-1234-123456789012', 'CTA-007 Maint History',    'report', 'vehicle', '/documents/vehicles/cta-007-maintenance.pdf',      380000, 'application/pdf', 1, false, '00000000-0000-0000-0000-000000000002', '40000000-0000-0000-0000-000000000007', 'Maintenance History — CTA-007',         'cta-007-maintenance.pdf',      'maintenance'),
('D0000000-0000-0000-0000-000000000035', '12345678-1234-1234-1234-123456789012', 'CTA-007 Title',            'form', 'vehicle', '/documents/vehicles/cta-007-title.pdf',            170000, 'application/pdf', 1, false, '00000000-0000-0000-0000-000000000002', '40000000-0000-0000-0000-000000000007', 'Vehicle Title — CTA-007',               'cta-007-title.pdf',            'other'),
-- CTA-008
('D0000000-0000-0000-0000-000000000036', '12345678-1234-1234-1234-123456789012', 'CTA-008 Registration',     'certification', 'vehicle', '/documents/vehicles/cta-008-registration.pdf',     252000, 'application/pdf', 1, false, '00000000-0000-0000-0000-000000000002', '40000000-0000-0000-0000-000000000008', 'Vehicle Registration — CTA-008',        'cta-008-registration.pdf',     'registration'),
('D0000000-0000-0000-0000-000000000037', '12345678-1234-1234-1234-123456789012', 'CTA-008 Insurance',        'contract', 'vehicle', '/documents/vehicles/cta-008-insurance.pdf',        318000, 'application/pdf', 1, false, '00000000-0000-0000-0000-000000000002', '40000000-0000-0000-0000-000000000008', 'Insurance Certificate — CTA-008',       'cta-008-insurance.pdf',        'insurance'),
('D0000000-0000-0000-0000-000000000038', '12345678-1234-1234-1234-123456789012', 'CTA-008 Inspection Report','report', 'vehicle', '/documents/vehicles/cta-008-inspection.pdf',       450000, 'application/pdf', 1, false, '00000000-0000-0000-0000-000000000002', '40000000-0000-0000-0000-000000000008', 'Annual Inspection Report — CTA-008',    'cta-008-inspection.pdf',       'inspection'),
('D0000000-0000-0000-0000-000000000039', '12345678-1234-1234-1234-123456789012', 'CTA-008 Maint History',    'report', 'vehicle', '/documents/vehicles/cta-008-maintenance.pdf',      510000, 'application/pdf', 1, false, '00000000-0000-0000-0000-000000000002', '40000000-0000-0000-0000-000000000008', 'Maintenance History — CTA-008',         'cta-008-maintenance.pdf',      'maintenance'),
('D0000000-0000-0000-0000-000000000040', '12345678-1234-1234-1234-123456789012', 'CTA-008 Title',            'form', 'vehicle', '/documents/vehicles/cta-008-title.pdf',            188000, 'application/pdf', 1, false, '00000000-0000-0000-0000-000000000002', '40000000-0000-0000-0000-000000000008', 'Vehicle Title — CTA-008',               'cta-008-title.pdf',            'other'),
-- CTA-009
('D0000000-0000-0000-0000-000000000041', '12345678-1234-1234-1234-123456789012', 'CTA-009 Registration',     'certification', 'vehicle', '/documents/vehicles/cta-009-registration.pdf',     244000, 'application/pdf', 1, false, '00000000-0000-0000-0000-000000000002', '40000000-0000-0000-0000-000000000009', 'Vehicle Registration — CTA-009',        'cta-009-registration.pdf',     'registration'),
('D0000000-0000-0000-0000-000000000042', '12345678-1234-1234-1234-123456789012', 'CTA-009 Insurance',        'contract', 'vehicle', '/documents/vehicles/cta-009-insurance.pdf',        320000, 'application/pdf', 1, false, '00000000-0000-0000-0000-000000000002', '40000000-0000-0000-0000-000000000009', 'Insurance Certificate — CTA-009',       'cta-009-insurance.pdf',        'insurance'),
('D0000000-0000-0000-0000-000000000043', '12345678-1234-1234-1234-123456789012', 'CTA-009 Inspection Report','report', 'vehicle', '/documents/vehicles/cta-009-inspection.pdf',       420000, 'application/pdf', 1, false, '00000000-0000-0000-0000-000000000002', '40000000-0000-0000-0000-000000000009', 'Annual Inspection Report — CTA-009',    'cta-009-inspection.pdf',       'inspection'),
('D0000000-0000-0000-0000-000000000044', '12345678-1234-1234-1234-123456789012', 'CTA-009 Maint History',    'report', 'vehicle', '/documents/vehicles/cta-009-maintenance.pdf',      350000, 'application/pdf', 1, false, '00000000-0000-0000-0000-000000000002', '40000000-0000-0000-0000-000000000009', 'Maintenance History — CTA-009',         'cta-009-maintenance.pdf',      'maintenance'),
('D0000000-0000-0000-0000-000000000045', '12345678-1234-1234-1234-123456789012', 'CTA-009 Title',            'form', 'vehicle', '/documents/vehicles/cta-009-title.pdf',            175000, 'application/pdf', 1, false, '00000000-0000-0000-0000-000000000002', '40000000-0000-0000-0000-000000000009', 'Vehicle Title — CTA-009',               'cta-009-title.pdf',            'other'),
-- CTA-010
('D0000000-0000-0000-0000-000000000046', '12345678-1234-1234-1234-123456789012', 'CTA-010 Registration',     'certification', 'vehicle', '/documents/vehicles/cta-010-registration.pdf',     255000, 'application/pdf', 1, false, '00000000-0000-0000-0000-000000000002', '40000000-0000-0000-0000-000000000010', 'Vehicle Registration — CTA-010',        'cta-010-registration.pdf',     'registration'),
('D0000000-0000-0000-0000-000000000047', '12345678-1234-1234-1234-123456789012', 'CTA-010 Insurance',        'contract', 'vehicle', '/documents/vehicles/cta-010-insurance.pdf',        322000, 'application/pdf', 1, false, '00000000-0000-0000-0000-000000000002', '40000000-0000-0000-0000-000000000010', 'Insurance Certificate — CTA-010',       'cta-010-insurance.pdf',        'insurance'),
('D0000000-0000-0000-0000-000000000048', '12345678-1234-1234-1234-123456789012', 'CTA-010 Inspection Report','report', 'vehicle', '/documents/vehicles/cta-010-inspection.pdf',       460000, 'application/pdf', 1, false, '00000000-0000-0000-0000-000000000002', '40000000-0000-0000-0000-000000000010', 'Annual Inspection Report — CTA-010',    'cta-010-inspection.pdf',       'inspection'),
('D0000000-0000-0000-0000-000000000049', '12345678-1234-1234-1234-123456789012', 'CTA-010 Maint History',    'report', 'vehicle', '/documents/vehicles/cta-010-maintenance.pdf',      390000, 'application/pdf', 1, false, '00000000-0000-0000-0000-000000000002', '40000000-0000-0000-0000-000000000010', 'Maintenance History — CTA-010',         'cta-010-maintenance.pdf',      'maintenance'),
('D0000000-0000-0000-0000-000000000050', '12345678-1234-1234-1234-123456789012', 'CTA-010 Title',            'form', 'vehicle', '/documents/vehicles/cta-010-title.pdf',            192000, 'application/pdf', 1, false, '00000000-0000-0000-0000-000000000002', '40000000-0000-0000-0000-000000000010', 'Vehicle Title — CTA-010',               'cta-010-title.pdf',            'other');

-- Driver documents (4 per driver = 40) — uses driver_id FK
INSERT INTO documents (id, tenant_id, name, type, category, file_url, file_size, mime_type, version, is_public, uploaded_by_id, driver_id, title, file_name, document_type) VALUES
-- James Brown
('D0000000-0000-0000-0000-000000000051', '12345678-1234-1234-1234-123456789012', 'J. Brown CDL',            'certification', 'driver', '/documents/drivers/brown-cdl.pdf',           150000, 'application/pdf', 1, false, '10000000-0000-0000-0000-000000000001', '30000000-0000-0000-0000-000000000001', 'CDL Certificate — James Brown',         'brown-cdl.pdf',           'registration'),
('D0000000-0000-0000-0000-000000000052', '12345678-1234-1234-1234-123456789012', 'J. Brown Medical Card',   'compliance', 'driver', '/documents/drivers/brown-medical.pdf',       120000, 'application/pdf', 1, false, '10000000-0000-0000-0000-000000000001', '30000000-0000-0000-0000-000000000001', 'DOT Medical Card — James Brown',        'brown-medical.pdf',       'other'),
('D0000000-0000-0000-0000-000000000053', '12345678-1234-1234-1234-123456789012', 'J. Brown Drug Test',      'compliance', 'driver', '/documents/drivers/brown-drugtest.pdf',      95000,  'application/pdf', 1, false, '00000000-0000-0000-0000-000000000003', '30000000-0000-0000-0000-000000000001', 'Drug Test Results — James Brown',       'brown-drugtest.pdf',      'other'),
('D0000000-0000-0000-0000-000000000054', '12345678-1234-1234-1234-123456789012', 'J. Brown Safety Cert',    'training', 'driver', '/documents/drivers/brown-safety.pdf',        110000, 'application/pdf', 1, false, '00000000-0000-0000-0000-000000000003', '30000000-0000-0000-0000-000000000001', 'Safety Training Cert — James Brown',    'brown-safety.pdf',        'other'),
-- Maria Rodriguez
('D0000000-0000-0000-0000-000000000055', '12345678-1234-1234-1234-123456789012', 'M. Rodriguez CDL',        'certification', 'driver', '/documents/drivers/rodriguez-cdl.pdf',       152000, 'application/pdf', 1, false, '10000000-0000-0000-0000-000000000002', '30000000-0000-0000-0000-000000000002', 'CDL Certificate — Maria Rodriguez',     'rodriguez-cdl.pdf',       'registration'),
('D0000000-0000-0000-0000-000000000056', '12345678-1234-1234-1234-123456789012', 'M. Rodriguez Medical',    'compliance', 'driver', '/documents/drivers/rodriguez-medical.pdf',   118000, 'application/pdf', 1, false, '10000000-0000-0000-0000-000000000002', '30000000-0000-0000-0000-000000000002', 'DOT Medical Card — Maria Rodriguez',    'rodriguez-medical.pdf',   'other'),
('D0000000-0000-0000-0000-000000000057', '12345678-1234-1234-1234-123456789012', 'M. Rodriguez Drug Test',  'compliance', 'driver', '/documents/drivers/rodriguez-drugtest.pdf',  92000,  'application/pdf', 1, false, '00000000-0000-0000-0000-000000000003', '30000000-0000-0000-0000-000000000002', 'Drug Test Results — Maria Rodriguez',   'rodriguez-drugtest.pdf',  'other'),
('D0000000-0000-0000-0000-000000000058', '12345678-1234-1234-1234-123456789012', 'M. Rodriguez Safety',     'training', 'driver', '/documents/drivers/rodriguez-safety.pdf',    115000, 'application/pdf', 1, false, '00000000-0000-0000-0000-000000000003', '30000000-0000-0000-0000-000000000002', 'Safety Training Cert — Maria Rodriguez','rodriguez-safety.pdf',   'other'),
-- William Jones
('D0000000-0000-0000-0000-000000000059', '12345678-1234-1234-1234-123456789012', 'W. Jones CDL',            'certification', 'driver', '/documents/drivers/jones-cdl.pdf',           148000, 'application/pdf', 1, false, '10000000-0000-0000-0000-000000000003', '30000000-0000-0000-0000-000000000003', 'CDL Certificate — William Jones',       'jones-cdl.pdf',           'registration'),
('D0000000-0000-0000-0000-000000000060', '12345678-1234-1234-1234-123456789012', 'W. Jones Medical Card',   'compliance', 'driver', '/documents/drivers/jones-medical.pdf',       122000, 'application/pdf', 1, false, '10000000-0000-0000-0000-000000000003', '30000000-0000-0000-0000-000000000003', 'DOT Medical Card — William Jones',      'jones-medical.pdf',       'other'),
('D0000000-0000-0000-0000-000000000061', '12345678-1234-1234-1234-123456789012', 'W. Jones Drug Test',      'compliance', 'driver', '/documents/drivers/jones-drugtest.pdf',      90000,  'application/pdf', 1, false, '00000000-0000-0000-0000-000000000003', '30000000-0000-0000-0000-000000000003', 'Drug Test Results — William Jones',     'jones-drugtest.pdf',      'other'),
('D0000000-0000-0000-0000-000000000062', '12345678-1234-1234-1234-123456789012', 'W. Jones Safety Cert',    'training', 'driver', '/documents/drivers/jones-safety.pdf',        108000, 'application/pdf', 1, false, '00000000-0000-0000-0000-000000000003', '30000000-0000-0000-0000-000000000003', 'Safety Training Cert — William Jones',  'jones-safety.pdf',        'other'),
-- Patricia Martinez
('D0000000-0000-0000-0000-000000000063', '12345678-1234-1234-1234-123456789012', 'P. Martinez DL',          'certification', 'driver', '/documents/drivers/martinez-dl.pdf',         145000, 'application/pdf', 1, false, '10000000-0000-0000-0000-000000000004', '30000000-0000-0000-0000-000000000004', 'Driver License — Patricia Martinez',    'martinez-dl.pdf',         'registration'),
('D0000000-0000-0000-0000-000000000064', '12345678-1234-1234-1234-123456789012', 'P. Martinez Medical',     'compliance', 'driver', '/documents/drivers/martinez-medical.pdf',    119000, 'application/pdf', 1, false, '10000000-0000-0000-0000-000000000004', '30000000-0000-0000-0000-000000000004', 'DOT Medical Card — Patricia Martinez',  'martinez-medical.pdf',    'other'),
('D0000000-0000-0000-0000-000000000065', '12345678-1234-1234-1234-123456789012', 'P. Martinez Drug Test',   'compliance', 'driver', '/documents/drivers/martinez-drugtest.pdf',   93000,  'application/pdf', 1, false, '00000000-0000-0000-0000-000000000003', '30000000-0000-0000-0000-000000000004', 'Drug Test Results — Patricia Martinez', 'martinez-drugtest.pdf',   'other'),
('D0000000-0000-0000-0000-000000000066', '12345678-1234-1234-1234-123456789012', 'P. Martinez Safety',      'training', 'driver', '/documents/drivers/martinez-safety.pdf',     112000, 'application/pdf', 1, false, '00000000-0000-0000-0000-000000000003', '30000000-0000-0000-0000-000000000004', 'Safety Training Cert — P. Martinez',    'martinez-safety.pdf',     'other'),
-- Michael Anderson
('D0000000-0000-0000-0000-000000000067', '12345678-1234-1234-1234-123456789012', 'M. Anderson CDL',         'certification', 'driver', '/documents/drivers/anderson-cdl.pdf',        155000, 'application/pdf', 1, false, '10000000-0000-0000-0000-000000000005', '30000000-0000-0000-0000-000000000005', 'CDL Certificate — Michael Anderson',    'anderson-cdl.pdf',        'registration'),
('D0000000-0000-0000-0000-000000000068', '12345678-1234-1234-1234-123456789012', 'M. Anderson Medical',     'compliance', 'driver', '/documents/drivers/anderson-medical.pdf',    121000, 'application/pdf', 1, false, '10000000-0000-0000-0000-000000000005', '30000000-0000-0000-0000-000000000005', 'DOT Medical Card — Michael Anderson',   'anderson-medical.pdf',    'other'),
('D0000000-0000-0000-0000-000000000069', '12345678-1234-1234-1234-123456789012', 'M. Anderson Drug Test',   'compliance', 'driver', '/documents/drivers/anderson-drugtest.pdf',   91000,  'application/pdf', 1, false, '00000000-0000-0000-0000-000000000003', '30000000-0000-0000-0000-000000000005', 'Drug Test Results — Michael Anderson',  'anderson-drugtest.pdf',   'other'),
('D0000000-0000-0000-0000-000000000070', '12345678-1234-1234-1234-123456789012', 'M. Anderson Safety',      'training', 'driver', '/documents/drivers/anderson-safety.pdf',     109000, 'application/pdf', 1, false, '00000000-0000-0000-0000-000000000003', '30000000-0000-0000-0000-000000000005', 'Safety Training Cert — M. Anderson',    'anderson-safety.pdf',     'other'),
-- Linda Taylor
('D0000000-0000-0000-0000-000000000071', '12345678-1234-1234-1234-123456789012', 'L. Taylor DL',            'certification', 'driver', '/documents/drivers/taylor-dl.pdf',           142000, 'application/pdf', 1, false, '10000000-0000-0000-0000-000000000006', '30000000-0000-0000-0000-000000000006', 'Driver License — Linda Taylor',         'taylor-dl.pdf',           'registration'),
('D0000000-0000-0000-0000-000000000072', '12345678-1234-1234-1234-123456789012', 'L. Taylor Medical',       'compliance', 'driver', '/documents/drivers/taylor-medical.pdf',      117000, 'application/pdf', 1, false, '10000000-0000-0000-0000-000000000006', '30000000-0000-0000-0000-000000000006', 'DOT Medical Card — Linda Taylor',       'taylor-medical.pdf',      'other'),
('D0000000-0000-0000-0000-000000000073', '12345678-1234-1234-1234-123456789012', 'L. Taylor Drug Test',     'compliance', 'driver', '/documents/drivers/taylor-drugtest.pdf',     94000,  'application/pdf', 1, false, '00000000-0000-0000-0000-000000000003', '30000000-0000-0000-0000-000000000006', 'Drug Test Results — Linda Taylor',      'taylor-drugtest.pdf',     'other'),
('D0000000-0000-0000-0000-000000000074', '12345678-1234-1234-1234-123456789012', 'L. Taylor Safety',        'training', 'driver', '/documents/drivers/taylor-safety.pdf',       113000, 'application/pdf', 1, false, '00000000-0000-0000-0000-000000000003', '30000000-0000-0000-0000-000000000006', 'Safety Training Cert — Linda Taylor',   'taylor-safety.pdf',       'other'),
-- Charles Thomas
('D0000000-0000-0000-0000-000000000075', '12345678-1234-1234-1234-123456789012', 'C. Thomas DL',            'certification', 'driver', '/documents/drivers/thomas-dl.pdf',           140000, 'application/pdf', 1, false, '10000000-0000-0000-0000-000000000007', '30000000-0000-0000-0000-000000000007', 'Driver License — Charles Thomas',       'thomas-dl.pdf',           'registration'),
('D0000000-0000-0000-0000-000000000076', '12345678-1234-1234-1234-123456789012', 'C. Thomas Medical',       'compliance', 'driver', '/documents/drivers/thomas-medical.pdf',      116000, 'application/pdf', 1, false, '10000000-0000-0000-0000-000000000007', '30000000-0000-0000-0000-000000000007', 'DOT Medical Card — Charles Thomas',     'thomas-medical.pdf',      'other'),
('D0000000-0000-0000-0000-000000000077', '12345678-1234-1234-1234-123456789012', 'C. Thomas Drug Test',     'compliance', 'driver', '/documents/drivers/thomas-drugtest.pdf',     89000,  'application/pdf', 1, false, '00000000-0000-0000-0000-000000000003', '30000000-0000-0000-0000-000000000007', 'Drug Test Results — Charles Thomas',    'thomas-drugtest.pdf',     'other'),
('D0000000-0000-0000-0000-000000000078', '12345678-1234-1234-1234-123456789012', 'C. Thomas Safety',        'training', 'driver', '/documents/drivers/thomas-safety.pdf',       107000, 'application/pdf', 1, false, '00000000-0000-0000-0000-000000000003', '30000000-0000-0000-0000-000000000007', 'Safety Training Cert — Charles Thomas', 'thomas-safety.pdf',       'other'),
-- Elizabeth Jackson
('D0000000-0000-0000-0000-000000000079', '12345678-1234-1234-1234-123456789012', 'E. Jackson DL',           'certification', 'driver', '/documents/drivers/jackson-dl.pdf',          143000, 'application/pdf', 1, false, '10000000-0000-0000-0000-000000000008', '30000000-0000-0000-0000-000000000008', 'Driver License — Elizabeth Jackson',    'jackson-dl.pdf',          'registration'),
('D0000000-0000-0000-0000-000000000080', '12345678-1234-1234-1234-123456789012', 'E. Jackson Medical',      'compliance', 'driver', '/documents/drivers/jackson-medical.pdf',     120000, 'application/pdf', 1, false, '10000000-0000-0000-0000-000000000008', '30000000-0000-0000-0000-000000000008', 'DOT Medical Card — Elizabeth Jackson',  'jackson-medical.pdf',     'other'),
('D0000000-0000-0000-0000-000000000081', '12345678-1234-1234-1234-123456789012', 'E. Jackson Drug Test',    'compliance', 'driver', '/documents/drivers/jackson-drugtest.pdf',    96000,  'application/pdf', 1, false, '00000000-0000-0000-0000-000000000003', '30000000-0000-0000-0000-000000000008', 'Drug Test Results — Elizabeth Jackson', 'jackson-drugtest.pdf',    'other'),
('D0000000-0000-0000-0000-000000000082', '12345678-1234-1234-1234-123456789012', 'E. Jackson Safety',       'training', 'driver', '/documents/drivers/jackson-safety.pdf',      114000, 'application/pdf', 1, false, '00000000-0000-0000-0000-000000000003', '30000000-0000-0000-0000-000000000008', 'Safety Training Cert — E. Jackson',     'jackson-safety.pdf',      'other'),
-- Daniel White
('D0000000-0000-0000-0000-000000000083', '12345678-1234-1234-1234-123456789012', 'D. White DL',             'certification', 'driver', '/documents/drivers/white-dl.pdf',            141000, 'application/pdf', 1, false, '10000000-0000-0000-0000-000000000009', '30000000-0000-0000-0000-000000000009', 'Driver License — Daniel White',         'white-dl.pdf',            'registration'),
('D0000000-0000-0000-0000-000000000084', '12345678-1234-1234-1234-123456789012', 'D. White Medical',        'compliance', 'driver', '/documents/drivers/white-medical.pdf',       118000, 'application/pdf', 1, false, '10000000-0000-0000-0000-000000000009', '30000000-0000-0000-0000-000000000009', 'DOT Medical Card — Daniel White',       'white-medical.pdf',       'other'),
('D0000000-0000-0000-0000-000000000085', '12345678-1234-1234-1234-123456789012', 'D. White Drug Test',      'compliance', 'driver', '/documents/drivers/white-drugtest.pdf',      91000,  'application/pdf', 1, false, '00000000-0000-0000-0000-000000000003', '30000000-0000-0000-0000-000000000009', 'Drug Test Results — Daniel White',      'white-drugtest.pdf',      'other'),
('D0000000-0000-0000-0000-000000000086', '12345678-1234-1234-1234-123456789012', 'D. White Safety',         'training', 'driver', '/documents/drivers/white-safety.pdf',        111000, 'application/pdf', 1, false, '00000000-0000-0000-0000-000000000003', '30000000-0000-0000-0000-000000000009', 'Safety Training Cert — Daniel White',   'white-safety.pdf',        'other'),
-- Barbara Harris
('D0000000-0000-0000-0000-000000000087', '12345678-1234-1234-1234-123456789012', 'B. Harris CDL',           'certification', 'driver', '/documents/drivers/harris-cdl.pdf',          154000, 'application/pdf', 1, false, '10000000-0000-0000-0000-000000000010', '30000000-0000-0000-0000-000000000010', 'CDL Certificate — Barbara Harris',      'harris-cdl.pdf',          'registration'),
('D0000000-0000-0000-0000-000000000088', '12345678-1234-1234-1234-123456789012', 'B. Harris Medical',       'compliance', 'driver', '/documents/drivers/harris-medical.pdf',      119000, 'application/pdf', 1, false, '10000000-0000-0000-0000-000000000010', '30000000-0000-0000-0000-000000000010', 'DOT Medical Card — Barbara Harris',     'harris-medical.pdf',      'other'),
('D0000000-0000-0000-0000-000000000089', '12345678-1234-1234-1234-123456789012', 'B. Harris Drug Test',     'compliance', 'driver', '/documents/drivers/harris-drugtest.pdf',     93000,  'application/pdf', 1, false, '00000000-0000-0000-0000-000000000003', '30000000-0000-0000-0000-000000000010', 'Drug Test Results — Barbara Harris',    'harris-drugtest.pdf',     'other'),
('D0000000-0000-0000-0000-000000000090', '12345678-1234-1234-1234-123456789012', 'B. Harris Safety',        'training', 'driver', '/documents/drivers/harris-safety.pdf',       110000, 'application/pdf', 1, false, '00000000-0000-0000-0000-000000000003', '30000000-0000-0000-0000-000000000010', 'Safety Training Cert — Barbara Harris', 'harris-safety.pdf',       'other');

-- System-wide documents (6, attached to first vehicle to satisfy CHECK constraint)
INSERT INTO documents (id, tenant_id, name, type, category, file_url, file_size, mime_type, version, is_public, uploaded_by_id, vehicle_id, title, file_name, document_type) VALUES
('D0000000-0000-0000-0000-000000000091', '12345678-1234-1234-1234-123456789012', 'Fleet Safety Manual',        'manual',   'system', '/documents/system/fleet-safety-manual.pdf',       1250000, 'application/pdf', 3, true, '00000000-0000-0000-0000-000000000001', '40000000-0000-0000-0000-000000000001', 'CTA Fleet Safety Manual v3.0',            'fleet-safety-manual.pdf',       'other'),
('D0000000-0000-0000-0000-000000000092', '12345678-1234-1234-1234-123456789012', 'Onboarding Checklist',       'form',     'system', '/documents/system/onboarding-checklist.pdf',      380000,  'application/pdf', 2, true, '00000000-0000-0000-0000-000000000001', '40000000-0000-0000-0000-000000000001', 'New Driver Onboarding Checklist',          'onboarding-checklist.pdf',      'other'),
('D0000000-0000-0000-0000-000000000093', '12345678-1234-1234-1234-123456789012', 'Maintenance SOP',            'manual',   'system', '/documents/system/maintenance-sop.pdf',           920000,  'application/pdf', 2, true, '00000000-0000-0000-0000-000000000002', '40000000-0000-0000-0000-000000000001', 'Maintenance Standard Operating Procedures','maintenance-sop.pdf',          'maintenance'),
('D0000000-0000-0000-0000-000000000094', '12345678-1234-1234-1234-123456789012', 'Monthly Fleet Report',       'report',   'system', '/documents/system/monthly-report-jan2026.pdf',    750000,  'application/pdf', 1, false,'00000000-0000-0000-0000-000000000002', '40000000-0000-0000-0000-000000000001', 'Monthly Fleet Report — January 2026',      'monthly-report-jan2026.pdf',    'other'),
('D0000000-0000-0000-0000-000000000095', '12345678-1234-1234-1234-123456789012', 'Fuel Card Agreement',        'contract', 'system', '/documents/system/fuel-card-agreement.pdf',       285000,  'application/pdf', 1, true, '00000000-0000-0000-0000-000000000002', '40000000-0000-0000-0000-000000000001', 'Fleet Fuel Card Usage Agreement',          'fuel-card-agreement.pdf',       'other'),
('D0000000-0000-0000-0000-000000000096', '12345678-1234-1234-1234-123456789012', 'Emergency Procedures',       'safety',   'system', '/documents/system/emergency-procedures.pdf',      420000,  'application/pdf', 1, true, '00000000-0000-0000-0000-000000000001', '40000000-0000-0000-0000-000000000001', 'Fleet Emergency Response Procedures',      'emergency-procedures.pdf',      'other');

-- ============================================================================
-- 30. DRIVER SCORECARDS — 20 (2 months x 10 drivers)
-- ============================================================================
INSERT INTO driver_scorecards (id, tenant_id, driver_id, period_start, period_end, incidents_count, violations_count, safety_score, total_miles, harsh_braking_count, harsh_acceleration_count, speeding_violations, idling_hours, fuel_consumption_gallons, mpg_average, inspections_completed, training_completed, overall_score, rank, metadata) VALUES
-- January 2026
('5C000000-0000-0000-0000-000000000001', '12345678-1234-1234-1234-123456789012', '30000000-0000-0000-0000-000000000001', '2026-01-01', '2026-01-31', 0, 0, 95, 3200, 2, 1, 0, 4.5, 160, 20.0, 2, true,  94, 1, '{"trend":"stable"}'::jsonb),
('5C000000-0000-0000-0000-000000000002', '12345678-1234-1234-1234-123456789012', '30000000-0000-0000-0000-000000000002', '2026-01-01', '2026-01-31', 0, 0, 98, 8500, 1, 0, 0, 8.2, 1450, 5.9, 2, true,  97, 2, '{"trend":"improving"}'::jsonb),
('5C000000-0000-0000-0000-000000000003', '12345678-1234-1234-1234-123456789012', '30000000-0000-0000-0000-000000000003', '2026-01-01', '2026-01-31', 0, 0, 88, 6800, 5, 3, 0, 6.0, 1020, 6.7, 2, true,  86, 7, '{"trend":"stable"}'::jsonb),
('5C000000-0000-0000-0000-000000000004', '12345678-1234-1234-1234-123456789012', '30000000-0000-0000-0000-000000000004', '2026-01-01', '2026-01-31', 0, 0, 92, 2800, 3, 2, 0, 3.5, 155, 18.1, 2, true,  91, 4, '{"trend":"stable"}'::jsonb),
('5C000000-0000-0000-0000-000000000005', '12345678-1234-1234-1234-123456789012', '30000000-0000-0000-0000-000000000005', '2026-01-01', '2026-01-31', 1, 1, 85, 3500, 6, 4, 1, 5.0, 165, 21.2, 2, false, 83, 8, '{"trend":"declining"}'::jsonb),
('5C000000-0000-0000-0000-000000000006', '12345678-1234-1234-1234-123456789012', '30000000-0000-0000-0000-000000000006', '2026-01-01', '2026-01-31', 0, 0, 96, 2200, 1, 0, 0, 2.0, 68, 32.4, 2, true,  96, 3, '{"trend":"stable"}'::jsonb),
('5C000000-0000-0000-0000-000000000007', '12345678-1234-1234-1234-123456789012', '30000000-0000-0000-0000-000000000007', '2026-01-01', '2026-01-31', 0, 0, 84, 1500, 4, 3, 0, 1.8, 42, 35.7, 1, true,  82, 9, '{"trend":"stable"}'::jsonb),
('5C000000-0000-0000-0000-000000000008', '12345678-1234-1234-1234-123456789012', '30000000-0000-0000-0000-000000000008', '2026-01-01', '2026-01-31', 0, 0, 93, 3000, 3, 1, 0, 4.0, 132, 22.7, 2, true,  91, 5, '{"trend":"stable"}'::jsonb),
('5C000000-0000-0000-0000-000000000009', '12345678-1234-1234-1234-123456789012', '30000000-0000-0000-0000-000000000009', '2026-01-01', '2026-01-31', 0, 0, 97, 1800, 0, 0, 0, 0.5, 0, 0, 2, true,  98, 1, '{"trend":"improving","ev_efficiency":"4.2 mi/kWh"}'::jsonb),
('5C000000-0000-0000-0000-000000000010', '12345678-1234-1234-1234-123456789012', '30000000-0000-0000-0000-000000000010', '2026-01-01', '2026-01-31', 0, 0, 91, 2400, 2, 1, 0, 1.0, 0, 0, 2, true,  90, 6, '{"trend":"stable","ev_efficiency":"3.1 mi/kWh"}'::jsonb),
-- February 2026 (partial month)
('5C000000-0000-0000-0000-000000000011', '12345678-1234-1234-1234-123456789012', '30000000-0000-0000-0000-000000000001', '2026-02-01', '2026-02-23', 0, 0, 96, 2400, 1, 0, 0, 3.2, 120, 20.0, 1, false, 95, 1, '{"trend":"improving"}'::jsonb),
('5C000000-0000-0000-0000-000000000012', '12345678-1234-1234-1234-123456789012', '30000000-0000-0000-0000-000000000002', '2026-02-01', '2026-02-23', 0, 0, 97, 6200, 1, 0, 0, 5.8, 1050, 5.9, 1, false, 96, 2, '{"trend":"stable"}'::jsonb),
('5C000000-0000-0000-0000-000000000013', '12345678-1234-1234-1234-123456789012', '30000000-0000-0000-0000-000000000003', '2026-02-01', '2026-02-23', 0, 0, 89, 2100, 3, 2, 0, 3.5, 380, 5.5, 1, false, 87, 7, '{"trend":"improving"}'::jsonb),
('5C000000-0000-0000-0000-000000000014', '12345678-1234-1234-1234-123456789012', '30000000-0000-0000-0000-000000000004', '2026-02-01', '2026-02-23', 0, 0, 93, 2100, 2, 1, 0, 2.8, 115, 18.3, 1, false, 92, 4, '{"trend":"improving"}'::jsonb),
('5C000000-0000-0000-0000-000000000015', '12345678-1234-1234-1234-123456789012', '30000000-0000-0000-0000-000000000005', '2026-02-01', '2026-02-23', 0, 0, 90, 2600, 3, 2, 0, 3.5, 122, 21.3, 1, false, 88, 6, '{"trend":"improving"}'::jsonb),
('5C000000-0000-0000-0000-000000000016', '12345678-1234-1234-1234-123456789012', '30000000-0000-0000-0000-000000000006', '2026-02-01', '2026-02-23', 0, 0, 97, 1600, 0, 0, 0, 1.5, 52, 30.8, 1, true,  97, 3, '{"trend":"improving"}'::jsonb),
('5C000000-0000-0000-0000-000000000017', '12345678-1234-1234-1234-123456789012', '30000000-0000-0000-0000-000000000007', '2026-02-01', '2026-02-23', 0, 0, 83, 1100, 3, 2, 0, 1.2, 31, 35.5, 1, false, 81, 10, '{"trend":"stable"}'::jsonb),
('5C000000-0000-0000-0000-000000000018', '12345678-1234-1234-1234-123456789012', '30000000-0000-0000-0000-000000000008', '2026-02-01', '2026-02-23', 1, 0, 88, 2200, 4, 2, 0, 3.0, 98, 22.4, 1, false, 86, 8, '{"trend":"declining"}'::jsonb),
('5C000000-0000-0000-0000-000000000019', '12345678-1234-1234-1234-123456789012', '30000000-0000-0000-0000-000000000009', '2026-02-01', '2026-02-23', 0, 0, 98, 1300, 0, 0, 0, 0.3, 0, 0, 1, true,  98, 1, '{"trend":"stable","ev_efficiency":"4.3 mi/kWh"}'::jsonb),
('5C000000-0000-0000-0000-000000000020', '12345678-1234-1234-1234-123456789012', '30000000-0000-0000-0000-000000000010', '2026-02-01', '2026-02-23', 0, 0, 92, 1800, 1, 1, 0, 0.8, 0, 0, 1, true,  91, 5, '{"trend":"improving","ev_efficiency":"3.3 mi/kWh"}'::jsonb);

-- ============================================================================
-- 31. DRIVER SCORES HISTORY — 30 (3 weeks x 10 drivers)
-- NOTE: driver_id FK references users.id (NOT drivers.id!)
-- Columns: id, tenant_id, driver_id, date, overall_score, smooth_driving_score,
--          speed_compliance_score, fuel_efficiency_score, safety_score,
--          trips_count, miles_driven, harsh_events_count, speeding_events_count,
--          rank_in_fleet, percentile
-- ============================================================================
INSERT INTO driver_scores_history (id, tenant_id, driver_id, date, overall_score, smooth_driving_score, speed_compliance_score, fuel_efficiency_score, safety_score, trips_count, miles_driven, harsh_events_count, speeding_events_count, rank_in_fleet, percentile) VALUES
-- Week of 2026-02-03
('54000000-0000-0000-0000-000000000001', '12345678-1234-1234-1234-123456789012', '10000000-0000-0000-0000-000000000001', '2026-02-03', 94, 92, 96, 88, 95, 22, 820, 3, 0, 2, 90),
('54000000-0000-0000-0000-000000000002', '12345678-1234-1234-1234-123456789012', '10000000-0000-0000-0000-000000000002', '2026-02-03', 97, 95, 98, 95, 98, 18, 2100, 1, 0, 1, 98),
('54000000-0000-0000-0000-000000000003', '12345678-1234-1234-1234-123456789012', '10000000-0000-0000-0000-000000000003', '2026-02-03', 86, 84, 86, 84, 88, 15, 1750, 8, 0, 7, 45),
('54000000-0000-0000-0000-000000000004', '12345678-1234-1234-1234-123456789012', '10000000-0000-0000-0000-000000000004', '2026-02-03', 91, 89, 93, 87, 92, 25, 680, 5, 0, 4, 72),
('54000000-0000-0000-0000-000000000005', '12345678-1234-1234-1234-123456789012', '10000000-0000-0000-0000-000000000005', '2026-02-03', 85, 83, 87, 83, 85, 20, 750, 10, 1, 8, 35),
('54000000-0000-0000-0000-000000000006', '12345678-1234-1234-1234-123456789012', '10000000-0000-0000-0000-000000000006', '2026-02-03', 96, 95, 98, 92, 96, 14, 560, 1, 0, 3, 92),
('54000000-0000-0000-0000-000000000007', '12345678-1234-1234-1234-123456789012', '10000000-0000-0000-0000-000000000007', '2026-02-03', 82, 80, 82, 80, 84, 8, 380, 7, 0, 9, 22),
('54000000-0000-0000-0000-000000000008', '12345678-1234-1234-1234-123456789012', '10000000-0000-0000-0000-000000000008', '2026-02-03', 91, 88, 92, 88, 93, 18, 720, 5, 0, 5, 68),
('54000000-0000-0000-0000-000000000009', '12345678-1234-1234-1234-123456789012', '10000000-0000-0000-0000-000000000009', '2026-02-03', 98, 99, 98, 99, 97, 12, 450, 0, 0, 1, 99),
('54000000-0000-0000-0000-000000000010', '12345678-1234-1234-1234-123456789012', '10000000-0000-0000-0000-000000000010', '2026-02-03', 90, 89, 91, 89, 91, 16, 600, 3, 0, 6, 62),
-- Week of 2026-02-10
('54000000-0000-0000-0000-000000000011', '12345678-1234-1234-1234-123456789012', '10000000-0000-0000-0000-000000000001', '2026-02-10', 95, 93, 96, 89, 96, 24, 880, 2, 0, 2, 92),
('54000000-0000-0000-0000-000000000012', '12345678-1234-1234-1234-123456789012', '10000000-0000-0000-0000-000000000002', '2026-02-10', 96, 94, 98, 94, 97, 16, 1950, 1, 0, 1, 97),
('54000000-0000-0000-0000-000000000013', '12345678-1234-1234-1234-123456789012', '10000000-0000-0000-0000-000000000003', '2026-02-10', 87, 85, 87, 85, 89, 14, 1600, 7, 0, 7, 48),
('54000000-0000-0000-0000-000000000014', '12345678-1234-1234-1234-123456789012', '10000000-0000-0000-0000-000000000004', '2026-02-10', 92, 90, 94, 88, 93, 26, 700, 4, 0, 4, 75),
('54000000-0000-0000-0000-000000000015', '12345678-1234-1234-1234-123456789012', '10000000-0000-0000-0000-000000000005', '2026-02-10', 87, 85, 88, 84, 90, 22, 780, 8, 0, 8, 42),
('54000000-0000-0000-0000-000000000016', '12345678-1234-1234-1234-123456789012', '10000000-0000-0000-0000-000000000006', '2026-02-10', 97, 96, 98, 93, 97, 13, 540, 0, 0, 3, 95),
('54000000-0000-0000-0000-000000000017', '12345678-1234-1234-1234-123456789012', '10000000-0000-0000-0000-000000000007', '2026-02-10', 81, 79, 81, 80, 83, 6, 300, 5, 0, 10, 18),
('54000000-0000-0000-0000-000000000018', '12345678-1234-1234-1234-123456789012', '10000000-0000-0000-0000-000000000008', '2026-02-10', 88, 86, 90, 87, 88, 17, 680, 6, 0, 6, 55),
('54000000-0000-0000-0000-000000000019', '12345678-1234-1234-1234-123456789012', '10000000-0000-0000-0000-000000000009', '2026-02-10', 98, 99, 98, 99, 98, 11, 420, 0, 0, 1, 99),
('54000000-0000-0000-0000-000000000020', '12345678-1234-1234-1234-123456789012', '10000000-0000-0000-0000-000000000010', '2026-02-10', 91, 90, 92, 90, 92, 15, 580, 2, 0, 5, 65),
-- Week of 2026-02-17
('54000000-0000-0000-0000-000000000021', '12345678-1234-1234-1234-123456789012', '10000000-0000-0000-0000-000000000001', '2026-02-17', 95, 94, 96, 94, 96, 20, 760, 1, 0, 2, 93),
('54000000-0000-0000-0000-000000000022', '12345678-1234-1234-1234-123456789012', '10000000-0000-0000-0000-000000000002', '2026-02-17', 96, 95, 97, 95, 97, 17, 2000, 1, 0, 1, 96),
('54000000-0000-0000-0000-000000000023', '12345678-1234-1234-1234-123456789012', '10000000-0000-0000-0000-000000000003', '2026-02-17', 87, 86, 88, 85, 89, 8, 800, 5, 0, 7, 50),
('54000000-0000-0000-0000-000000000024', '12345678-1234-1234-1234-123456789012', '10000000-0000-0000-0000-000000000004', '2026-02-17', 92, 91, 93, 91, 93, 24, 660, 3, 0, 4, 78),
('54000000-0000-0000-0000-000000000025', '12345678-1234-1234-1234-123456789012', '10000000-0000-0000-0000-000000000005', '2026-02-17', 88, 86, 89, 86, 91, 21, 740, 7, 0, 8, 45),
('54000000-0000-0000-0000-000000000026', '12345678-1234-1234-1234-123456789012', '10000000-0000-0000-0000-000000000006', '2026-02-17', 97, 96, 99, 96, 97, 12, 510, 0, 0, 3, 96),
('54000000-0000-0000-0000-000000000027', '12345678-1234-1234-1234-123456789012', '10000000-0000-0000-0000-000000000007', '2026-02-17', 81, 79, 82, 80, 82, 5, 250, 4, 0, 10, 15),
('54000000-0000-0000-0000-000000000028', '12345678-1234-1234-1234-123456789012', '10000000-0000-0000-0000-000000000008', '2026-02-17', 86, 84, 88, 85, 87, 16, 650, 7, 0, 6, 48),
('54000000-0000-0000-0000-000000000029', '12345678-1234-1234-1234-123456789012', '10000000-0000-0000-0000-000000000009', '2026-02-17', 98, 99, 98, 99, 98, 10, 400, 0, 0, 1, 99),
('54000000-0000-0000-0000-000000000030', '12345678-1234-1234-1234-123456789012', '10000000-0000-0000-0000-000000000010', '2026-02-17', 91, 90, 91, 89, 93, 14, 560, 2, 0, 5, 68);

-- ============================================================================
-- 32. DRIVER HOS LOGS — 30 (3 days x 10 drivers)
-- NOTE: tenant_id is the LAST column in this table
-- Columns: id, external_log_id, driver_id, provider_id, log_date, duty_status,
--          start_time, end_time, duration_minutes, latitude, longitude, address,
--          odometer_miles, has_violations, violations, raw_data, created_at, tenant_id
-- ============================================================================
INSERT INTO driver_hos_logs (id, driver_id, log_date, duty_status, start_time, end_time, duration_minutes, latitude, longitude, address, odometer_miles, has_violations, tenant_id) VALUES
-- 2026-02-21
('41000000-0000-0000-0000-000000000001', '30000000-0000-0000-0000-000000000001', '2026-02-21', 'on_duty',  '2026-02-21 06:00:00', '2026-02-21 14:30:00', 510, 30.4383, -84.2807, 'Tallahassee Metro',  43500, false, '12345678-1234-1234-1234-123456789012'),
('41000000-0000-0000-0000-000000000002', '30000000-0000-0000-0000-000000000002', '2026-02-21', 'driving',  '2026-02-21 05:30:00', '2026-02-21 16:30:00', 660, 30.4500, -84.3000, 'I-10 Corridor',      126200, false, '12345678-1234-1234-1234-123456789012'),
('41000000-0000-0000-0000-000000000003', '30000000-0000-0000-0000-000000000003', '2026-02-21', 'off_duty', '2026-02-21 00:00:00', '2026-02-21 23:59:00', 1439, 30.4100, -84.2500, 'Home',               87620, false, '12345678-1234-1234-1234-123456789012'),
('41000000-0000-0000-0000-000000000004', '30000000-0000-0000-0000-000000000004', '2026-02-21', 'on_duty',  '2026-02-21 06:30:00', '2026-02-21 15:30:00', 540, 30.4383, -84.2807, 'Downtown Tally',     32100, false, '12345678-1234-1234-1234-123456789012'),
('41000000-0000-0000-0000-000000000005', '30000000-0000-0000-0000-000000000005', '2026-02-21', 'on_duty',  '2026-02-21 06:15:00', '2026-02-21 14:45:00', 510, 30.4800, -84.3200, 'North County',       41000, false, '12345678-1234-1234-1234-123456789012'),
('41000000-0000-0000-0000-000000000006', '30000000-0000-0000-0000-000000000006', '2026-02-21', 'on_duty',  '2026-02-21 07:00:00', '2026-02-21 16:00:00', 540, 30.4383, -84.2807, 'Admin routes',       28600, false, '12345678-1234-1234-1234-123456789012'),
('41000000-0000-0000-0000-000000000007', '30000000-0000-0000-0000-000000000007', '2026-02-21', 'off_duty', '2026-02-21 00:00:00', '2026-02-21 23:59:00', 1439, 30.4200, -84.2600, 'Home',               19200, false, '12345678-1234-1234-1234-123456789012'),
('41000000-0000-0000-0000-000000000008', '30000000-0000-0000-0000-000000000008', '2026-02-21', 'on_duty',  '2026-02-21 06:45:00', '2026-02-21 15:45:00', 540, 30.4600, -84.2400, 'East Tallahassee',   38100, false, '12345678-1234-1234-1234-123456789012'),
('41000000-0000-0000-0000-000000000009', '30000000-0000-0000-0000-000000000009', '2026-02-21', 'on_duty',  '2026-02-21 07:15:00', '2026-02-21 16:15:00', 540, 30.4550, -84.3100, 'EV Charging Hub',    15600, false, '12345678-1234-1234-1234-123456789012'),
('41000000-0000-0000-0000-000000000010', '30000000-0000-0000-0000-000000000010', '2026-02-21', 'on_duty',  '2026-02-21 07:00:00', '2026-02-21 15:30:00', 510, 30.4383, -84.2807, 'Tallahassee Metro',  22200, false, '12345678-1234-1234-1234-123456789012'),
-- 2026-02-22
('41000000-0000-0000-0000-000000000011', '30000000-0000-0000-0000-000000000001', '2026-02-22', 'on_duty',  '2026-02-22 06:00:00', '2026-02-22 14:00:00', 480, 30.4383, -84.2807, 'Tallahassee Metro',  43800, false, '12345678-1234-1234-1234-123456789012'),
('41000000-0000-0000-0000-000000000012', '30000000-0000-0000-0000-000000000002', '2026-02-22', 'driving',  '2026-02-22 05:00:00', '2026-02-22 15:00:00', 600, 30.4500, -84.3000, 'I-10 Corridor',      126800, false, '12345678-1234-1234-1234-123456789012'),
('41000000-0000-0000-0000-000000000013', '30000000-0000-0000-0000-000000000003', '2026-02-22', 'off_duty', '2026-02-22 00:00:00', '2026-02-22 23:59:00', 1439, 30.4100, -84.2500, 'Home',               87620, false, '12345678-1234-1234-1234-123456789012'),
('41000000-0000-0000-0000-000000000014', '30000000-0000-0000-0000-000000000004', '2026-02-22', 'on_duty',  '2026-02-22 07:00:00', '2026-02-22 15:00:00', 480, 30.4383, -84.2807, 'Downtown Tally',     32200, false, '12345678-1234-1234-1234-123456789012'),
('41000000-0000-0000-0000-000000000015', '30000000-0000-0000-0000-000000000005', '2026-02-22', 'on_duty',  '2026-02-22 06:00:00', '2026-02-22 14:30:00', 510, 30.4800, -84.3200, 'North County',       41150, false, '12345678-1234-1234-1234-123456789012'),
('41000000-0000-0000-0000-000000000016', '30000000-0000-0000-0000-000000000006', '2026-02-22', 'on_duty',  '2026-02-22 07:30:00', '2026-02-22 16:00:00', 510, 30.4383, -84.2807, 'Admin routes',       28650, false, '12345678-1234-1234-1234-123456789012'),
('41000000-0000-0000-0000-000000000017', '30000000-0000-0000-0000-000000000007', '2026-02-22', 'off_duty', '2026-02-22 00:00:00', '2026-02-22 23:59:00', 1439, 30.4200, -84.2600, 'Home',               19200, false, '12345678-1234-1234-1234-123456789012'),
('41000000-0000-0000-0000-000000000018', '30000000-0000-0000-0000-000000000008', '2026-02-22', 'on_duty',  '2026-02-22 07:00:00', '2026-02-22 16:00:00', 540, 30.4600, -84.2400, 'East Tallahassee',   38200, false, '12345678-1234-1234-1234-123456789012'),
('41000000-0000-0000-0000-000000000019', '30000000-0000-0000-0000-000000000009', '2026-02-22', 'on_duty',  '2026-02-22 07:00:00', '2026-02-22 15:30:00', 510, 30.4550, -84.3100, 'EV Charging Hub',    15700, false, '12345678-1234-1234-1234-123456789012'),
('41000000-0000-0000-0000-000000000020', '30000000-0000-0000-0000-000000000010', '2026-02-22', 'on_duty',  '2026-02-22 06:30:00', '2026-02-22 15:00:00', 510, 30.4383, -84.2807, 'Tallahassee Metro',  22400, false, '12345678-1234-1234-1234-123456789012'),
-- 2026-02-23 (today — in progress)
('41000000-0000-0000-0000-000000000021', '30000000-0000-0000-0000-000000000001', '2026-02-23', 'on_duty',  '2026-02-23 06:00:00', NULL, NULL, 30.4383, -84.2807, 'Tallahassee Metro',  44000, false, '12345678-1234-1234-1234-123456789012'),
('41000000-0000-0000-0000-000000000022', '30000000-0000-0000-0000-000000000002', '2026-02-23', 'driving',  '2026-02-23 05:30:00', NULL, NULL, 30.4500, -84.3000, 'I-10 Corridor',      127000, false, '12345678-1234-1234-1234-123456789012'),
('41000000-0000-0000-0000-000000000023', '30000000-0000-0000-0000-000000000003', '2026-02-23', 'off_duty', '2026-02-23 00:00:00', NULL, NULL, 30.4100, -84.2500, 'Home',               87620, false, '12345678-1234-1234-1234-123456789012'),
('41000000-0000-0000-0000-000000000024', '30000000-0000-0000-0000-000000000004', '2026-02-23', 'on_duty',  '2026-02-23 06:30:00', NULL, NULL, 30.4383, -84.2807, 'Downtown Tally',     32300, false, '12345678-1234-1234-1234-123456789012'),
('41000000-0000-0000-0000-000000000025', '30000000-0000-0000-0000-000000000005', '2026-02-23', 'on_duty',  '2026-02-23 06:15:00', NULL, NULL, 30.4800, -84.3200, 'North County',       41200, false, '12345678-1234-1234-1234-123456789012'),
('41000000-0000-0000-0000-000000000026', '30000000-0000-0000-0000-000000000006', '2026-02-23', 'on_duty',  '2026-02-23 07:00:00', NULL, NULL, 30.4383, -84.2807, 'Admin routes',       28700, false, '12345678-1234-1234-1234-123456789012'),
('41000000-0000-0000-0000-000000000027', '30000000-0000-0000-0000-000000000007', '2026-02-23', 'off_duty', '2026-02-23 00:00:00', NULL, NULL, 30.4200, -84.2600, 'Home',               19200, false, '12345678-1234-1234-1234-123456789012'),
('41000000-0000-0000-0000-000000000028', '30000000-0000-0000-0000-000000000008', '2026-02-23', 'on_duty',  '2026-02-23 06:45:00', NULL, NULL, 30.4600, -84.2400, 'East Tallahassee',   38300, false, '12345678-1234-1234-1234-123456789012'),
('41000000-0000-0000-0000-000000000029', '30000000-0000-0000-0000-000000000009', '2026-02-23', 'on_duty',  '2026-02-23 07:15:00', NULL, NULL, 30.4550, -84.3100, 'EV Charging Hub',    15800, false, '12345678-1234-1234-1234-123456789012'),
('41000000-0000-0000-0000-000000000030', '30000000-0000-0000-0000-000000000010', '2026-02-23', 'on_duty',  '2026-02-23 07:00:00', NULL, NULL, 30.4383, -84.2807, 'Tallahassee Metro',  22500, false, '12345678-1234-1234-1234-123456789012');

-- ============================================================================
-- 33. VEHICLE HISTORY — 30 events (3 per vehicle)
-- Columns: id, tenant_id, vehicle_id, event_type, event_date, title, description,
--          driver_id, user_id, event_data, created_by
-- ============================================================================
INSERT INTO vehicle_history (id, tenant_id, vehicle_id, event_type, event_date, title, description, user_id, event_data, created_by) VALUES
('F4000000-0000-0000-0000-000000000001', '12345678-1234-1234-1234-123456789012', '40000000-0000-0000-0000-000000000001', 'acquisition',   '2024-01-10', 'Vehicle Acquired',                 'New from dealer — Capital Ford Tallahassee',                  '00000000-0000-0000-0000-000000000002', '{"dealer":"Capital Ford Tallahassee","cost":48500,"odometer":12}'::jsonb,       '00000000-0000-0000-0000-000000000002'),
('F4000000-0000-0000-0000-000000000002', '12345678-1234-1234-1234-123456789012', '40000000-0000-0000-0000-000000000001', 'maintenance',   '2026-01-15', 'Oil Change',                       'Oil change and filter replacement at 43,500 mi',             '00000000-0000-0000-0000-000000000003', '{"cost":78.50,"odometer":43500}'::jsonb,                                        '00000000-0000-0000-0000-000000000003'),
('F4000000-0000-0000-0000-000000000003', '12345678-1234-1234-1234-123456789012', '40000000-0000-0000-0000-000000000001', 'incident',      '2025-11-15', 'Parking Lot Fender Scrape',         'Cosmetic damage — insurance claim processed',                '00000000-0000-0000-0000-000000000002', '{"cost":800,"odometer":42800,"claim":"INS-2025-042"}'::jsonb,                   '00000000-0000-0000-0000-000000000002'),
('F4000000-0000-0000-0000-000000000004', '12345678-1234-1234-1234-123456789012', '40000000-0000-0000-0000-000000000002', 'acquisition',   '2023-06-15', 'Vehicle Acquired',                 'Certified pre-owned from Freightliner dealer',               '00000000-0000-0000-0000-000000000002', '{"dealer":"Freightliner of FL","cost":125000,"odometer":95000}'::jsonb,         '00000000-0000-0000-0000-000000000002'),
('F4000000-0000-0000-0000-000000000005', '12345678-1234-1234-1234-123456789012', '40000000-0000-0000-0000-000000000002', 'maintenance',   '2026-01-10', 'DOT Annual Inspection',            'DOT annual inspection — passed, all systems compliant',      '00000000-0000-0000-0000-000000000003', '{"cost":425,"odometer":126000}'::jsonb,                                         '00000000-0000-0000-0000-000000000003'),
('F4000000-0000-0000-0000-000000000006', '12345678-1234-1234-1234-123456789012', '40000000-0000-0000-0000-000000000002', 'incident',      '2026-01-22', 'Highway Tire Blowout',             'Tire blowout on I-10 — no injuries, manufacturer notified',  '00000000-0000-0000-0000-000000000002', '{"cost":650,"odometer":128000}'::jsonb,                                         '00000000-0000-0000-0000-000000000002'),
('F4000000-0000-0000-0000-000000000007', '12345678-1234-1234-1234-123456789012', '40000000-0000-0000-0000-000000000003', 'acquisition',   '2024-02-20', 'Vehicle Acquired',                 'New from International dealer',                              '00000000-0000-0000-0000-000000000002', '{"dealer":"International Trucks FL","cost":135000,"odometer":0}'::jsonb,        '00000000-0000-0000-0000-000000000002'),
('F4000000-0000-0000-0000-000000000008', '12345678-1234-1234-1234-123456789012', '40000000-0000-0000-0000-000000000003', 'maintenance',   '2026-01-20', 'Coolant System Flush',             'Extended-life coolant at 87,000 mi',                         '00000000-0000-0000-0000-000000000003', '{"cost":175,"odometer":87000}'::jsonb,                                          '00000000-0000-0000-0000-000000000003'),
('F4000000-0000-0000-0000-000000000009', '12345678-1234-1234-1234-123456789012', '40000000-0000-0000-0000-000000000003', 'status_change', '2026-02-18', 'Status: Maintenance',              'Transmission issue — awaiting rebuild',                      '00000000-0000-0000-0000-000000000003', '{"from":"active","to":"maintenance","odometer":87620}'::jsonb,                  '00000000-0000-0000-0000-000000000003'),
('F4000000-0000-0000-0000-000000000010', '12345678-1234-1234-1234-123456789012', '40000000-0000-0000-0000-000000000004', 'acquisition',   '2024-03-01', 'Vehicle Acquired',                 'New from Ford dealer',                                       '00000000-0000-0000-0000-000000000002', '{"dealer":"Ford Tallahassee","cost":42000,"odometer":0}'::jsonb,                '00000000-0000-0000-0000-000000000002'),
('F4000000-0000-0000-0000-000000000011', '12345678-1234-1234-1234-123456789012', '40000000-0000-0000-0000-000000000004', 'maintenance',   '2026-02-01', 'Tire Rotation & Balance',          'All tires in spec at 31,500 mi',                             '00000000-0000-0000-0000-000000000003', '{"cost":115,"odometer":31500}'::jsonb,                                          '00000000-0000-0000-0000-000000000003'),
('F4000000-0000-0000-0000-000000000012', '12345678-1234-1234-1234-123456789012', '40000000-0000-0000-0000-000000000004', 'modification',  '2025-06-15', 'Cargo Shelving Installed',          'Custom aluminum racking for cargo area',                     '00000000-0000-0000-0000-000000000002', '{"cost":1200,"odometer":22000}'::jsonb,                                         '00000000-0000-0000-0000-000000000002'),
('F4000000-0000-0000-0000-000000000013', '12345678-1234-1234-1234-123456789012', '40000000-0000-0000-0000-000000000005', 'acquisition',   '2024-04-15', 'Vehicle Acquired',                 'New from RAM dealer',                                        '00000000-0000-0000-0000-000000000002', '{"dealer":"RAM of Tallahassee","cost":45000,"odometer":0}'::jsonb,              '00000000-0000-0000-0000-000000000002'),
('F4000000-0000-0000-0000-000000000014', '12345678-1234-1234-1234-123456789012', '40000000-0000-0000-0000-000000000005', 'maintenance',   '2026-01-25', 'Fuel Injector Service',            '#3 injector replaced — resolved rough idle at 40,800 mi',    '00000000-0000-0000-0000-000000000003', '{"cost":520,"odometer":40800}'::jsonb,                                          '00000000-0000-0000-0000-000000000003'),
('F4000000-0000-0000-0000-000000000015', '12345678-1234-1234-1234-123456789012', '40000000-0000-0000-0000-000000000005', 'modification',  '2025-08-20', 'GPS Telematics Installed',          'Fleet tracking upgrade at 35,000 mi',                        '00000000-0000-0000-0000-000000000002', '{"cost":450,"odometer":35000}'::jsonb,                                          '00000000-0000-0000-0000-000000000002'),
('F4000000-0000-0000-0000-000000000016', '12345678-1234-1234-1234-123456789012', '40000000-0000-0000-0000-000000000006', 'acquisition',   '2023-09-01', 'Vehicle Acquired',                 'New from Toyota dealer',                                     '00000000-0000-0000-0000-000000000002', '{"dealer":"Toyota of Tallahassee","cost":28500,"odometer":0}'::jsonb,           '00000000-0000-0000-0000-000000000002'),
('F4000000-0000-0000-0000-000000000017', '12345678-1234-1234-1234-123456789012', '40000000-0000-0000-0000-000000000006', 'maintenance',   '2026-02-05', '25K Mile Service',                 'Multi-point inspection — all systems normal at 28,500 mi',   '00000000-0000-0000-0000-000000000003', '{"cost":190,"odometer":28500}'::jsonb,                                          '00000000-0000-0000-0000-000000000003'),
('F4000000-0000-0000-0000-000000000018', '12345678-1234-1234-1234-123456789012', '40000000-0000-0000-0000-000000000006', 'maintenance',   '2026-02-10', 'Windshield Chip Repair',            'Resin injection method at 28,600 mi',                        '00000000-0000-0000-0000-000000000003', '{"cost":65,"odometer":28600}'::jsonb,                                           '00000000-0000-0000-0000-000000000003'),
('F4000000-0000-0000-0000-000000000019', '12345678-1234-1234-1234-123456789012', '40000000-0000-0000-0000-000000000007', 'acquisition',   '2023-08-15', 'Vehicle Acquired',                 'New from Honda dealer',                                      '00000000-0000-0000-0000-000000000002', '{"dealer":"Honda of Tallahassee","cost":24500,"odometer":0}'::jsonb,            '00000000-0000-0000-0000-000000000002'),
('F4000000-0000-0000-0000-000000000020', '12345678-1234-1234-1234-123456789012', '40000000-0000-0000-0000-000000000007', 'maintenance',   '2026-01-28', '15K Mile Service',                 'Standard service at 19,000 mi',                              '00000000-0000-0000-0000-000000000003', '{"cost":140,"odometer":19000}'::jsonb,                                          '00000000-0000-0000-0000-000000000003'),
('F4000000-0000-0000-0000-000000000021', '12345678-1234-1234-1234-123456789012', '40000000-0000-0000-0000-000000000007', 'status_change', '2026-02-15', 'Status: Idle',                     'Low utilization — under review for reassignment',            '00000000-0000-0000-0000-000000000002', '{"from":"active","to":"idle","odometer":19200}'::jsonb,                         '00000000-0000-0000-0000-000000000002'),
('F4000000-0000-0000-0000-000000000022', '12345678-1234-1234-1234-123456789012', '40000000-0000-0000-0000-000000000008', 'acquisition',   '2024-01-20', 'Vehicle Acquired',                 'New from Chevrolet dealer',                                  '00000000-0000-0000-0000-000000000002', '{"dealer":"Chevy of Tallahassee","cost":58000,"odometer":0}'::jsonb,            '00000000-0000-0000-0000-000000000002'),
('F4000000-0000-0000-0000-000000000023', '12345678-1234-1234-1234-123456789012', '40000000-0000-0000-0000-000000000008', 'maintenance',   '2026-02-12', 'Transfer Case Fluid Change',       'Synthetic gear oil at 38,000 mi',                            '00000000-0000-0000-0000-000000000003', '{"cost":210,"odometer":38000}'::jsonb,                                          '00000000-0000-0000-0000-000000000003'),
('F4000000-0000-0000-0000-000000000024', '12345678-1234-1234-1234-123456789012', '40000000-0000-0000-0000-000000000008', 'modification',  '2025-03-10', 'Emergency Light Bar Installed',     'Whelen LED light bar at 25,000 mi',                          '00000000-0000-0000-0000-000000000002', '{"cost":850,"odometer":25000}'::jsonb,                                          '00000000-0000-0000-0000-000000000002'),
('F4000000-0000-0000-0000-000000000025', '12345678-1234-1234-1234-123456789012', '40000000-0000-0000-0000-000000000009', 'acquisition',   '2024-06-01', 'Vehicle Acquired',                 'New from Tesla Direct — EV pilot program',                   '00000000-0000-0000-0000-000000000002', '{"dealer":"Tesla Direct","cost":42990,"odometer":0}'::jsonb,                    '00000000-0000-0000-0000-000000000002'),
('F4000000-0000-0000-0000-000000000026', '12345678-1234-1234-1234-123456789012', '40000000-0000-0000-0000-000000000009', 'maintenance',   '2026-02-08', 'Tire Rotation',                    'EV wear pattern check — tires OK at 15,500 mi',              '00000000-0000-0000-0000-000000000003', '{"cost":75,"odometer":15500}'::jsonb,                                           '00000000-0000-0000-0000-000000000003'),
('F4000000-0000-0000-0000-000000000027', '12345678-1234-1234-1234-123456789012', '40000000-0000-0000-0000-000000000009', 'maintenance',   '2026-01-18', '12V Battery Replacement',           'Li-ion 12V installed at 15,200 mi',                          '00000000-0000-0000-0000-000000000003', '{"cost":265,"odometer":15200}'::jsonb,                                          '00000000-0000-0000-0000-000000000003'),
('F4000000-0000-0000-0000-000000000028', '12345678-1234-1234-1234-123456789012', '40000000-0000-0000-0000-000000000010', 'acquisition',   '2024-07-15', 'Vehicle Acquired',                 'New from Rivian Direct — EV truck pilot',                    '00000000-0000-0000-0000-000000000002', '{"dealer":"Rivian Direct","cost":73000,"odometer":0}'::jsonb,                   '00000000-0000-0000-0000-000000000002'),
('F4000000-0000-0000-0000-000000000029', '12345678-1234-1234-1234-123456789012', '40000000-0000-0000-0000-000000000010', 'maintenance',   '2026-02-01', 'OTA Software Update',              'Firmware 2026.04 — range and regen improvements',            '00000000-0000-0000-0000-000000000003', '{"cost":0,"odometer":22000}'::jsonb,                                            '00000000-0000-0000-0000-000000000003'),
('F4000000-0000-0000-0000-000000000030', '12345678-1234-1234-1234-123456789012', '40000000-0000-0000-0000-000000000010', 'modification',  '2025-10-01', 'Bed Liner Spray Application',       'Line-X bed liner at 20,000 mi',                              '00000000-0000-0000-0000-000000000002', '{"cost":600,"odometer":20000}'::jsonb,                                          '00000000-0000-0000-0000-000000000002');

-- ============================================================================
-- 34. SCHEDULES — 10 (maintenance + shift schedules)
-- Columns: id, tenant_id, schedule_name, schedule_type, entity_type, entity_id,
--          start_date, end_date, start_time, end_time, assigned_to, status,
--          is_active, notes, metadata
-- ============================================================================
INSERT INTO schedules (id, tenant_id, schedule_name, schedule_type, entity_type, entity_id, start_date, end_date, assigned_to, status, is_active, notes) VALUES
('5D000000-0000-0000-0000-000000000001', '12345678-1234-1234-1234-123456789012', 'CTA-001 Brake Service',           'maintenance', 'vehicle', '40000000-0000-0000-0000-000000000001', '2026-03-01', '2026-03-01', '00000000-0000-0000-0000-000000000003', 'scheduled',   true, 'Front brake pad replacement'),
('5D000000-0000-0000-0000-000000000002', '12345678-1234-1234-1234-123456789012', 'CTA-002 DPF Service',             'maintenance', 'vehicle', '40000000-0000-0000-0000-000000000002', '2026-03-01', '2026-03-02', '00000000-0000-0000-0000-000000000003', 'scheduled',   true, 'DPF regen and clean'),
('5D000000-0000-0000-0000-000000000003', '12345678-1234-1234-1234-123456789012', 'CTA-003 Transmission Rebuild',    'maintenance', 'vehicle', '40000000-0000-0000-0000-000000000003', '2026-02-18', '2026-02-28', '00000000-0000-0000-0000-000000000003', 'in_progress', true, 'Transmission rebuild in progress'),
('5D000000-0000-0000-0000-000000000004', '12345678-1234-1234-1234-123456789012', 'CTA-004 Door Hinge Repair',       'maintenance', 'vehicle', '40000000-0000-0000-0000-000000000004', '2026-03-05', '2026-03-05', '00000000-0000-0000-0000-000000000003', 'scheduled',   true, 'Rear cargo door repair'),
('5D000000-0000-0000-0000-000000000005', '12345678-1234-1234-1234-123456789012', 'CTA-009 Cabin Filter',            'maintenance', 'vehicle', '40000000-0000-0000-0000-000000000009', '2026-03-08', '2026-03-08', '00000000-0000-0000-0000-000000000003', 'scheduled',   true, 'HEPA filter swap'),
('5D000000-0000-0000-0000-000000000006', '12345678-1234-1234-1234-123456789012', 'Morning Shift — Operations',      'shift',       'driver',  '30000000-0000-0000-0000-000000000001', '2026-02-23', '2026-02-23', '00000000-0000-0000-0000-000000000002', 'active',      true, 'Standard morning shift 0600-1400'),
('5D000000-0000-0000-0000-000000000007', '12345678-1234-1234-1234-123456789012', 'Morning Shift — Delivery',        'shift',       'driver',  '30000000-0000-0000-0000-000000000004', '2026-02-23', '2026-02-23', '00000000-0000-0000-0000-000000000002', 'active',      true, 'Delivery team morning 0600-1400'),
('5D000000-0000-0000-0000-000000000008', '12345678-1234-1234-1234-123456789012', 'Long Haul Shift',                 'shift',       'driver',  '30000000-0000-0000-0000-000000000002', '2026-02-23', '2026-02-23', '00000000-0000-0000-0000-000000000002', 'active',      true, '12-hour long-haul shift 0530-1730'),
('5D000000-0000-0000-0000-000000000009', '12345678-1234-1234-1234-123456789012', 'Admin Day Shift',                 'shift',       'driver',  '30000000-0000-0000-0000-000000000006', '2026-02-23', '2026-02-23', '00000000-0000-0000-0000-000000000002', 'active',      true, 'Standard admin hours 0800-1600'),
('5D000000-0000-0000-0000-000000000010', '12345678-1234-1234-1234-123456789012', 'EV Fleet Morning',                'shift',       'driver',  '30000000-0000-0000-0000-000000000009', '2026-02-23', '2026-02-23', '00000000-0000-0000-0000-000000000002', 'active',      true, 'EV fleet operations 0700-1500');

-- ============================================================================
-- 35. COST ANALYSIS — 13 (3 fleet-wide + 10 per-vehicle)
-- Columns: id, tenant_id, period_start, period_end, period_type, analysis_type,
--          entity_id, entity_type, fuel_cost, maintenance_cost, parts_cost,
--          labor_cost, insurance_cost, depreciation_cost,
--          miles_driven, cost_per_mile, notes
-- NOTE: total_cost is GENERATED ALWAYS — do not include in INSERT
-- ============================================================================
INSERT INTO cost_analysis (id, tenant_id, period_start, period_end, period_type, analysis_type, entity_id, entity_type, fuel_cost, maintenance_cost, parts_cost, labor_cost, insurance_cost, depreciation_cost, miles_driven, notes) VALUES
-- Fleet-wide summaries
('CA000000-0000-0000-0000-000000000001', '12345678-1234-1234-1234-123456789012', '2025-12-01', '2025-12-31', 'monthly', 'fleet', NULL, 'fleet', 4250.00, 2800.00, 600.00, 1200.00, 1500.00, 3200.00, 28000, 'December 2025 fleet total'),
('CA000000-0000-0000-0000-000000000002', '12345678-1234-1234-1234-123456789012', '2026-01-01', '2026-01-31', 'monthly', 'fleet', NULL, 'fleet', 4480.00, 3150.00, 800.00, 1400.00, 1500.00, 3200.00, 30000, 'January 2026 fleet total'),
('CA000000-0000-0000-0000-000000000003', '12345678-1234-1234-1234-123456789012', '2026-02-01', '2026-02-23', 'monthly', 'fleet', NULL, 'fleet', 3200.00, 5500.00, 1200.00, 2000.00, 1100.00, 2400.00, 25000, 'February 2026 MTD (includes CTA-003 rebuild)'),
-- Per-vehicle (January 2026)
('CA000000-0000-0000-0000-000000000004', '12345678-1234-1234-1234-123456789012', '2026-01-01', '2026-01-31', 'monthly', 'vehicle', '40000000-0000-0000-0000-000000000001', 'vehicle', 188.15, 78.50, 25.00, 53.50, 150.00, 320.00, 3200, 'F-150 — low maintenance month'),
('CA000000-0000-0000-0000-000000000005', '12345678-1234-1234-1234-123456789012', '2026-01-01', '2026-01-31', 'monthly', 'vehicle', '40000000-0000-0000-0000-000000000002', 'vehicle', 1416.95, 425.00, 120.00, 305.00, 250.00, 600.00, 8500, 'Cascadia — DOT inspection month'),
('CA000000-0000-0000-0000-000000000006', '12345678-1234-1234-1234-123456789012', '2026-01-01', '2026-01-31', 'monthly', 'vehicle', '40000000-0000-0000-0000-000000000003', 'vehicle', 1091.52, 175.00, 50.00, 125.00, 250.00, 580.00, 6800, 'International LT — pre-breakdown'),
('CA000000-0000-0000-0000-000000000007', '12345678-1234-1234-1234-123456789012', '2026-01-01', '2026-01-31', 'monthly', 'vehicle', '40000000-0000-0000-0000-000000000004', 'vehicle', 222.10, 115.00, 30.00, 85.00, 130.00, 280.00, 2800, 'Transit 350 — routine month'),
('CA000000-0000-0000-0000-000000000008', '12345678-1234-1234-1234-123456789012', '2026-01-01', '2026-01-31', 'monthly', 'vehicle', '40000000-0000-0000-0000-000000000005', 'vehicle', 282.69, 520.00, 180.00, 340.00, 140.00, 300.00, 3500, 'ProMaster — injector repair'),
('CA000000-0000-0000-0000-000000000009', '12345678-1234-1234-1234-123456789012', '2026-01-01', '2026-01-31', 'monthly', 'vehicle', '40000000-0000-0000-0000-000000000006', 'vehicle', 122.89, 0.00, 0.00, 0.00, 95.00, 190.00, 2200, 'Camry — fuel only, no maintenance'),
('CA000000-0000-0000-0000-000000000010', '12345678-1234-1234-1234-123456789012', '2026-01-01', '2026-01-31', 'monthly', 'vehicle', '40000000-0000-0000-0000-000000000007', 'vehicle', 103.07, 140.00, 40.00, 100.00, 85.00, 165.00, 1500, 'Civic — 15K service'),
('CA000000-0000-0000-0000-000000000011', '12345678-1234-1234-1234-123456789012', '2026-01-01', '2026-01-31', 'monthly', 'vehicle', '40000000-0000-0000-0000-000000000008', 'vehicle', 237.49, 150.00, 45.00, 105.00, 180.00, 380.00, 3000, 'Tahoe — suspension check'),
('CA000000-0000-0000-0000-000000000012', '12345678-1234-1234-1234-123456789012', '2026-01-01', '2026-01-31', 'monthly', 'vehicle', '40000000-0000-0000-0000-000000000009', 'vehicle', 46.10, 265.00, 200.00, 65.00, 110.00, 280.00, 1800, 'Tesla — 12V battery replacement'),
('CA000000-0000-0000-0000-000000000013', '12345678-1234-1234-1234-123456789012', '2026-01-01', '2026-01-31', 'monthly', 'vehicle', '40000000-0000-0000-0000-000000000010', 'vehicle', 56.80, 0.00, 0.00, 0.00, 150.00, 480.00, 2400, 'Rivian — OTA update only');

-- ============================================================================
-- 36. RESERVATIONS — 10 (mix of past, current, future)
-- Columns: id, tenant_id, vehicle_id, user_id, driver_id, start_time, end_time,
--          purpose, destination, status, approved_by, approved_at,
--          start_odometer, notes, metadata, created_at
-- ============================================================================
INSERT INTO reservations (id, tenant_id, vehicle_id, user_id, driver_id, start_time, end_time, purpose, destination, status, approved_by, approved_at, start_odometer, notes, metadata, created_at) VALUES
-- Past (completed)
('2F000000-0000-0000-0000-000000000001', '12345678-1234-1234-1234-123456789012', '40000000-0000-0000-0000-000000000006', '10000000-0000-0000-0000-000000000006', '30000000-0000-0000-0000-000000000006', '2026-02-10 08:00:00', '2026-02-10 17:00:00', 'business', 'Downtown Tallahassee offices', 'completed', '00000000-0000-0000-0000-000000000002', '2026-02-09 14:00:00', 28500, 'Client meetings downtown', '{}'::jsonb, '2026-02-08 10:00:00'),
('2F000000-0000-0000-0000-000000000002', '12345678-1234-1234-1234-123456789012', '40000000-0000-0000-0000-000000000008', '10000000-0000-0000-0000-000000000008', '30000000-0000-0000-0000-000000000008', '2026-02-14 07:00:00', '2026-02-14 18:00:00', 'business', 'Tallahassee Airport',         'completed', '00000000-0000-0000-0000-000000000002', '2026-02-13 10:00:00', 37800, 'VIP airport transfer',   '{}'::jsonb, '2026-02-12 09:00:00'),
('2F000000-0000-0000-0000-000000000003', '12345678-1234-1234-1234-123456789012', '40000000-0000-0000-0000-000000000007', '10000000-0000-0000-0000-000000000007', '30000000-0000-0000-0000-000000000007', '2026-02-18 09:00:00', '2026-02-18 12:00:00', 'personal', NULL,                          'completed', '00000000-0000-0000-0000-000000000002', '2026-02-17 08:00:00', 19100, 'Personal errand approval', '{}'::jsonb, '2026-02-16 15:00:00'),
-- Current (active today)
('2F000000-0000-0000-0000-000000000004', '12345678-1234-1234-1234-123456789012', '40000000-0000-0000-0000-000000000001', '10000000-0000-0000-0000-000000000001', '30000000-0000-0000-0000-000000000001', '2026-02-23 06:00:00', '2026-02-23 16:00:00', 'business', 'Multiple stops — North Tally','approved',  '00000000-0000-0000-0000-000000000002', '2026-02-22 12:00:00', 45100, 'Full day field assignment', '{}'::jsonb, '2026-02-21 08:00:00'),
('2F000000-0000-0000-0000-000000000005', '12345678-1234-1234-1234-123456789012', '40000000-0000-0000-0000-000000000004', '10000000-0000-0000-0000-000000000004', '30000000-0000-0000-0000-000000000004', '2026-02-23 06:30:00', '2026-02-23 14:00:00', 'business', 'Downtown delivery route',    'approved',  '00000000-0000-0000-0000-000000000003', '2026-02-22 14:00:00', 32400, 'Morning delivery run',     '{}'::jsonb, '2026-02-22 09:00:00'),
('2F000000-0000-0000-0000-000000000006', '12345678-1234-1234-1234-123456789012', '40000000-0000-0000-0000-000000000009', '10000000-0000-0000-0000-000000000009', '30000000-0000-0000-0000-000000000009', '2026-02-23 07:00:00', '2026-02-23 15:00:00', 'business', 'EV Charging Hub + HQ',       'approved',  '00000000-0000-0000-0000-000000000002', '2026-02-22 16:00:00', 15800, 'EV daily commute',         '{}'::jsonb, '2026-02-22 10:00:00'),
-- Future (upcoming)
('2F000000-0000-0000-0000-000000000007', '12345678-1234-1234-1234-123456789012', '40000000-0000-0000-0000-000000000008', '10000000-0000-0000-0000-000000000008', '30000000-0000-0000-0000-000000000008', '2026-02-25 08:00:00', '2026-02-25 17:00:00', 'business', 'East side facility tour',    'approved',  '00000000-0000-0000-0000-000000000002', '2026-02-23 08:00:00', NULL,  'Scheduled facility visits', '{}'::jsonb, '2026-02-22 11:00:00'),
('2F000000-0000-0000-0000-000000000008', '12345678-1234-1234-1234-123456789012', '40000000-0000-0000-0000-000000000006', '10000000-0000-0000-0000-000000000006', '30000000-0000-0000-0000-000000000006', '2026-02-26 09:00:00', '2026-02-26 16:00:00', 'business', 'State Capitol meetings',     'pending',   NULL,                                    NULL,                  NULL,  'Awaiting manager approval', '{}'::jsonb, '2026-02-23 07:00:00'),
('2F000000-0000-0000-0000-000000000009', '12345678-1234-1234-1234-123456789012', '40000000-0000-0000-0000-000000000010', '10000000-0000-0000-0000-000000000010', '30000000-0000-0000-0000-000000000010', '2026-02-27 06:00:00', '2026-02-27 18:00:00', 'business', 'I-10 corridor delivery',     'approved',  '00000000-0000-0000-0000-000000000002', '2026-02-23 09:00:00', NULL,  'Full day EV truck run',    '{}'::jsonb, '2026-02-22 14:00:00'),
('2F000000-0000-0000-0000-000000000010', '12345678-1234-1234-1234-123456789012', '40000000-0000-0000-0000-000000000007', '10000000-0000-0000-0000-000000000007', '30000000-0000-0000-0000-000000000007', '2026-03-01 08:00:00', '2026-03-01 12:00:00', 'personal', NULL,                          'pending',   NULL,                                    NULL,                  NULL,  'Personal use request',     '{}'::jsonb, '2026-02-23 06:00:00');

-- ============================================================================
-- 37. ANNOUNCEMENTS — 5 fleet-wide
-- Columns: id, tenant_id, title, message, type, priority, target_roles,
--          published_at, expires_at, created_by_id, is_active, metadata
-- ============================================================================
INSERT INTO announcements (id, tenant_id, title, message, type, priority, target_roles, published_at, expires_at, created_by_id, is_active, metadata) VALUES
('A1000000-0000-0000-0000-000000000001', '12345678-1234-1234-1234-123456789012', 'Q1 Safety Training Reminder',      'All drivers must complete Q1 mandatory safety training by March 31. Log in to the training portal to begin.', 'info', 'high',   '["driver","manager","admin"]', '2026-02-15', '2026-03-31', '00000000-0000-0000-0000-000000000002', true, '{}'::jsonb),
('A1000000-0000-0000-0000-000000000002', '12345678-1234-1234-1234-123456789012', 'CTA-003 Out of Service',           'International LT (CTA-003) is currently out of service for transmission rebuild. Expected return: Feb 28.', 'alert', 'medium', '["driver","manager"]', '2026-02-18', '2026-02-28', '00000000-0000-0000-0000-000000000003', true, '{}'::jsonb),
('A1000000-0000-0000-0000-000000000003', '12345678-1234-1234-1234-123456789012', 'New EV Charging Protocol',         'Updated EV charging procedures are now in effect. Please review the EV Charging Protocol policy in the documents section.', 'info', 'medium', '["driver","manager","admin"]', '2026-02-01', '2026-04-01', '00000000-0000-0000-0000-000000000002', true, '{}'::jsonb),
('A1000000-0000-0000-0000-000000000004', '12345678-1234-1234-1234-123456789012', 'Fleet Insurance Renewal Deadline', 'Fleet insurance policy renewal is due by March 31. Please ensure all vehicle registrations are current.', 'alert', 'high',   '["manager","admin"]', '2026-02-20', '2026-03-31', '00000000-0000-0000-0000-000000000001', true, '{}'::jsonb),
('A1000000-0000-0000-0000-000000000005', '12345678-1234-1234-1234-123456789012', 'Welcome to CTA Fleet Management', 'Welcome to the CTA Fleet Management system. This platform provides real-time fleet tracking, maintenance management, and compliance monitoring.', 'info', 'low', '["driver","manager","admin"]', '2026-01-01', '2026-12-31', '00000000-0000-0000-0000-000000000001', true, '{}'::jsonb);

-- ============================================================================
-- 38. NOTIFICATIONS — 10 recent fleet notifications
-- Columns: id, tenant_id, user_id, title, message, type, priority,
--          related_entity_type, related_entity_id, is_read, sent_at, metadata
-- ============================================================================
INSERT INTO notifications (id, tenant_id, user_id, title, message, type, priority, related_entity_type, related_entity_id, is_read, sent_at, metadata) VALUES
('B0000000-0000-0000-0000-000000000001', '12345678-1234-1234-1234-123456789012', '00000000-0000-0000-0000-000000000002', 'Maintenance Alert: CTA-003',       'International LT transmission rebuild in progress — ETA Feb 28',       'warning', 'high',   'vehicle', '40000000-0000-0000-0000-000000000003', false, NOW() - INTERVAL '5 days',  '{}'::jsonb),
('B0000000-0000-0000-0000-000000000002', '12345678-1234-1234-1234-123456789012', '00000000-0000-0000-0000-000000000002', 'Work Order Completed: WO-2026-025', 'Fleet GPS calibration completed for all 10 vehicles',                  'success', 'low',    'work_order', '60000000-0000-0000-0000-000000000025', true,  NOW() - INTERVAL '20 days', '{}'::jsonb),
('B0000000-0000-0000-0000-000000000003', '12345678-1234-1234-1234-123456789012', '00000000-0000-0000-0000-000000000003', 'Incident Report: CTA-008',          'Near-miss incident under review — Elizabeth Jackson, Monroe St',        'error',   'high',   'vehicle', '40000000-0000-0000-0000-000000000008', false, NOW() - INTERVAL '18 days', '{}'::jsonb),
('B0000000-0000-0000-0000-000000000004', '12345678-1234-1234-1234-123456789012', '00000000-0000-0000-0000-000000000002', 'Low Fuel Alert: CTA-003',           'CTA-003 fuel level at 45% — vehicle in maintenance bay',                'alert',   'medium', 'vehicle', '40000000-0000-0000-0000-000000000003', true,  NOW() - INTERVAL '5 days',  '{}'::jsonb),
('B0000000-0000-0000-0000-000000000005', '12345678-1234-1234-1234-123456789012', '10000000-0000-0000-0000-000000000002', 'DOT Inspection Passed',             'Freightliner Cascadia (CTA-002) passed DOT annual inspection',         'success', 'low',    'vehicle', '40000000-0000-0000-0000-000000000002', true,  NOW() - INTERVAL '44 days', '{}'::jsonb),
('B0000000-0000-0000-0000-000000000006', '12345678-1234-1234-1234-123456789012', '00000000-0000-0000-0000-000000000002', 'Reservation Request',               'Linda Taylor requested CTA-006 for Feb 26 — pending approval',         'info',    'medium', 'vehicle', '40000000-0000-0000-0000-000000000006', false, NOW() - INTERVAL '1 hour',  '{}'::jsonb),
('B0000000-0000-0000-0000-000000000007', '12345678-1234-1234-1234-123456789012', '10000000-0000-0000-0000-000000000009', 'Charging Complete',                 'Tesla Model 3 (CTA-009) charging complete — 95% SOC',                  'info',    'low',    'vehicle', '40000000-0000-0000-0000-000000000009', true,  NOW() - INTERVAL '12 hours','{}'::jsonb),
('B0000000-0000-0000-0000-000000000008', '12345678-1234-1234-1234-123456789012', '00000000-0000-0000-0000-000000000003', 'Training Deadline Approaching',     '4 drivers still need to complete Q1 safety training',                   'reminder','medium', NULL,      NULL,                                   false, NOW() - INTERVAL '2 days',  '{}'::jsonb),
('B0000000-0000-0000-0000-000000000009', '12345678-1234-1234-1234-123456789012', '00000000-0000-0000-0000-000000000002', 'Compliance Alert',                  'William Jones medical certificate expires in 9 months — plan renewal', 'warning', 'medium', 'driver',  '30000000-0000-0000-0000-000000000003', false, NOW() - INTERVAL '3 days',  '{}'::jsonb),
('B0000000-0000-0000-0000-000000000010', '12345678-1234-1234-1234-123456789012', '00000000-0000-0000-0000-000000000001', 'Budget Report Ready',               'Q1 2026 fleet budget report is available for review',                   'info',    'low',    NULL,      NULL,                                   false, NOW() - INTERVAL '1 day',   '{}'::jsonb);

-- ============================================================================
-- 39. BUDGETS — 4 quarterly budgets
-- Columns: id, tenant_id, budget_category, budgeted_amount, fiscal_year,
--          fiscal_quarter, period_start, period_end, status, notes
-- ============================================================================
INSERT INTO budgets (id, tenant_id, budget_category, budgeted_amount, fiscal_year, fiscal_quarter, period_start, period_end, status, notes) VALUES
('B1000000-0000-0000-0000-000000000001', '12345678-1234-1234-1234-123456789012', 'Fleet Operations',   45000.00, 2025, 4, '2025-10-01', '2025-12-31', 'closed',  'Q4 2025 — Under budget by $2,700'),
('B1000000-0000-0000-0000-000000000002', '12345678-1234-1234-1234-123456789012', 'Fleet Operations',   48000.00, 2026, 1, '2026-01-01', '2026-03-31', 'active',  'Q1 2026 — CTA-003 repair elevated maintenance spend'),
('B1000000-0000-0000-0000-000000000003', '12345678-1234-1234-1234-123456789012', 'Fleet Operations',   45000.00, 2026, 2, '2026-04-01', '2026-06-30', 'planned', 'Q2 2026 — Projected, EV savings expected'),
('B1000000-0000-0000-0000-000000000004', '12345678-1234-1234-1234-123456789012', 'EV Infrastructure',  25000.00, 2026, 1, '2026-01-01', '2026-12-31', 'active',  'FY 2026 annual capital budget — EV expansion');

-- Re-enable document triggers
ALTER TABLE documents ENABLE TRIGGER ALL;

-- ============================================================================
-- DONE — Commit transaction
-- ============================================================================
COMMIT;

-- ============================================================================
-- VERIFICATION QUERIES (run manually to spot-check)
-- ============================================================================
-- SELECT 'vehicles' AS tbl, COUNT(*) FROM vehicles WHERE tenant_id = '12345678-1234-1234-1234-123456789012'
-- UNION ALL SELECT 'drivers', COUNT(*) FROM drivers WHERE tenant_id = '12345678-1234-1234-1234-123456789012'
-- UNION ALL SELECT 'work_orders', COUNT(*) FROM work_orders WHERE tenant_id = '12345678-1234-1234-1234-123456789012'
-- UNION ALL SELECT 'fuel_txns', COUNT(*) FROM fuel_transactions WHERE tenant_id = '12345678-1234-1234-1234-123456789012'
-- UNION ALL SELECT 'documents', COUNT(*) FROM documents WHERE tenant_id = '12345678-1234-1234-1234-123456789012'
-- UNION ALL SELECT 'inspections', COUNT(*) FROM inspections WHERE tenant_id = '12345678-1234-1234-1234-123456789012'
-- UNION ALL SELECT 'scorecards', COUNT(*) FROM driver_scorecards WHERE tenant_id = '12345678-1234-1234-1234-123456789012'
-- UNION ALL SELECT 'hos_logs', COUNT(*) FROM driver_hos_logs WHERE tenant_id = '12345678-1234-1234-1234-123456789012'
-- UNION ALL SELECT 'reservations', COUNT(*) FROM reservations WHERE tenant_id = '12345678-1234-1234-1234-123456789012'
-- UNION ALL SELECT 'certifications', COUNT(*) FROM certifications WHERE tenant_id = '12345678-1234-1234-1234-123456789012'
-- UNION ALL SELECT 'training', COUNT(*) FROM training_progress WHERE tenant_id = '12345678-1234-1234-1234-123456789012'
-- ORDER BY tbl;
